<date_hour_country>,<url_count>
"2019-09-13:17,AD",2
"2019-09-13:17,AE",6
"2019-09-13:17,AF",1
"2019-09-13:17,AI",2
"2019-09-13:17,AL",1
"2019-09-13:17,AM",2
"2019-09-13:17,AO",1
"2019-09-13:17,AQ",1
"2019-09-13:17,AR",1
"2019-09-13:17,AS",3
"2019-09-13:17,AT",5
"2019-09-13:17,AU",4
"2019-09-13:17,AW",1
"2019-09-13:17,AX",2
"2019-09-13:17,BA",2
"2019-09-13:17,BB",2
"2019-09-13:17,BD",1
"2019-09-13:17,BE",3
"2019-09-13:17,BF",4
"2019-09-13:17,BH",2
"2019-09-13:17,BI",1
"2019-09-13:17,BJ",3
"2019-09-13:17,BL",3
"2019-09-13:17,BM",4
"2019-09-13:17,BN",3
"2019-09-13:17,BO",2
"2019-09-13:17,BQ",2
"2019-09-13:17,BR",2
"2019-09-13:17,BS",3
"2019-09-13:17,BT",1
"2019-09-13:17,BV",2
"2019-09-13:17,BW",1
"2019-09-13:17,BY",2
"2019-09-13:17,BZ",1
"2019-09-13:17,CC",2
"2019-09-13:17,CD",2
"2019-09-13:17,CF",2
"2019-09-13:17,CG",2
"2019-09-13:17,CH",2
"2019-09-13:17,CI",4
"2019-09-13:17,CK",2
"2019-09-13:17,CL",3
"2019-09-13:17,CM",2
"2019-09-13:17,CN",2
"2019-09-13:17,CO",4
"2019-09-13:17,CR",1
"2019-09-13:17,CU",3
"2019-09-13:17,CV",3
"2019-09-13:17,CW",4
"2019-09-13:17,CX",5
"2019-09-13:17,CY",2
"2019-09-13:17,DE",1
"2019-09-13:17,DJ",3
"2019-09-13:17,DM",1
"2019-09-13:17,DO",1
"2019-09-13:17,DZ",1
"2019-09-13:17,EC",3
"2019-09-13:17,EE",1
"2019-09-13:17,EG",2
"2019-09-13:17,EH",2
"2019-09-13:17,ER",2
"2019-09-13:17,ES",3
"2019-09-13:17,ET",1
"2019-09-13:17,FI",1
"2019-09-13:17,FJ",3
"2019-09-13:17,FK",3
"2019-09-13:17,FM",3
"2019-09-13:17,FO",2
"2019-09-13:17,FR",4
"2019-09-13:17,GB",1
"2019-09-13:17,GD",1
"2019-09-13:17,GF",4
"2019-09-13:17,GG",4
"2019-09-13:17,GH",3
"2019-09-13:17,GI",2
"2019-09-13:17,GL",4
"2019-09-13:17,GM",2
"2019-09-13:17,GN",1
"2019-09-13:17,GP",1
"2019-09-13:17,GQ",2
"2019-09-13:17,GR",1
"2019-09-13:17,GS",1
"2019-09-13:17,GT",3
"2019-09-13:17,GU",3
"2019-09-13:17,GW",1
"2019-09-13:17,GY",4
"2019-09-13:17,HK",1
"2019-09-13:17,HM",2
"2019-09-13:17,HN",4
"2019-09-13:17,HR",3
"2019-09-13:17,HT",1
"2019-09-13:17,HU",2
"2019-09-13:17,ID",1
"2019-09-13:17,IE",1
"2019-09-13:17,IL",2
"2019-09-13:17,IM",2
"2019-09-13:17,IN",3
"2019-09-13:17,IO",1
"2019-09-13:17,IR",6
"2019-09-13:17,IS",3
"2019-09-13:17,IT",1
"2019-09-13:17,JE",5
"2019-09-13:17,JM",1
"2019-09-13:17,JO",1
"2019-09-13:17,JP",4
"2019-09-13:17,KE",3
"2019-09-13:17,KG",3
"2019-09-13:17,KH",4
"2019-09-13:17,KI",3
"2019-09-13:17,KM",7
"2019-09-13:17,KN",3
"2019-09-13:17,KP",5
"2019-09-13:17,KR",1
"2019-09-13:17,KW",2
"2019-09-13:17,KY",1
"2019-09-13:17,KZ",1
"2019-09-13:17,LC",1
"2019-09-13:17,LI",5
"2019-09-13:17,LK",1
"2019-09-13:17,LR",7
"2019-09-13:17,LS",1
"2019-09-13:17,LT",1
"2019-09-13:17,LU",1
"2019-09-13:17,LV",3
"2019-09-13:17,LY",1
"2019-09-13:17,MA",3
"2019-09-13:17,MC",1
"2019-09-13:17,MD",1
"2019-09-13:17,MF",3
"2019-09-13:17,MG",1
"2019-09-13:17,MH",1
"2019-09-13:17,MK",4
"2019-09-13:17,ML",3
"2019-09-13:17,MM",1
"2019-09-13:17,MN",4
"2019-09-13:17,MO",2
"2019-09-13:17,MQ",4
"2019-09-13:17,MR",5
"2019-09-13:17,MS",1
"2019-09-13:17,MT",5
"2019-09-13:17,MU",3
"2019-09-13:17,MV",4
"2019-09-13:17,MW",2
"2019-09-13:17,MX",4
"2019-09-13:17,MY",2
"2019-09-13:17,MZ",3
"2019-09-13:17,NC",1
"2019-09-13:17,NE",4
"2019-09-13:17,NF",2
"2019-09-13:17,NG",3
"2019-09-13:17,NI",2
"2019-09-13:17,NL",1
"2019-09-13:17,NO",5
"2019-09-13:17,NP",3
"2019-09-13:17,NR",3
"2019-09-13:17,NU",2
"2019-09-13:17,NZ",1
"2019-09-13:17,OM",1
"2019-09-13:17,PA",3
"2019-09-13:17,PE",2
"2019-09-13:17,PF",3
"2019-09-13:17,PG",4
"2019-09-13:17,PH",2
"2019-09-13:17,PK",1
"2019-09-13:17,PL",4
"2019-09-13:17,PM",3
"2019-09-13:17,PN",1
"2019-09-13:17,PS",3
"2019-09-13:17,PT",2
"2019-09-13:17,PW",1
"2019-09-13:17,PY",3
"2019-09-13:17,QA",4
"2019-09-13:17,RE",3
"2019-09-13:17,RO",2
"2019-09-13:17,RS",2
"2019-09-13:17,RU",3
"2019-09-13:17,RW",1
"2019-09-13:17,SA",4
"2019-09-13:17,SB",2
"2019-09-13:17,SD",1
"2019-09-13:17,SE",1
"2019-09-13:17,SG",2
"2019-09-13:17,SH",4
"2019-09-13:17,SJ",4
"2019-09-13:17,SK",3
"2019-09-13:17,SL",1
"2019-09-13:17,SN",2
"2019-09-13:17,SO",2
"2019-09-13:17,SR",1
"2019-09-13:17,SS",1
"2019-09-13:17,SX",1
"2019-09-13:17,SY",2
"2019-09-13:17,SZ",2
"2019-09-13:17,TC",3
"2019-09-13:17,TD",4
"2019-09-13:17,TF",1
"2019-09-13:17,TG",5
"2019-09-13:17,TH",2
"2019-09-13:17,TJ",2
"2019-09-13:17,TK",2
"2019-09-13:17,TL",1
"2019-09-13:17,TN",3
"2019-09-13:17,TO",3
"2019-09-13:17,TR",2
"2019-09-13:17,TT",2
"2019-09-13:17,TV",4
"2019-09-13:17,TW",4
"2019-09-13:17,TZ",2
"2019-09-13:17,UA",3
"2019-09-13:17,UG",3
"2019-09-13:17,UM",2
"2019-09-13:17,US",2
"2019-09-13:17,UY",1
"2019-09-13:17,UZ",1
"2019-09-13:17,VA",1
"2019-09-13:17,VE",2
"2019-09-13:17,VG",3
"2019-09-13:17,VI",2
"2019-09-13:17,VN",4
"2019-09-13:17,VU",3
"2019-09-13:17,WF",3
"2019-09-13:17,WS",1
"2019-09-13:17,YE",4
"2019-09-13:17,YT",3
"2019-09-13:17,ZA",4
"2019-09-13:17,ZM",3
"2019-09-13:17,ZW",3
"2019-09-13:17,nan",4
"2019-09-13:18,AD",2
"2019-09-13:18,AE",2
"2019-09-13:18,AF",2
"2019-09-13:18,AG",4
"2019-09-13:18,AI",1
"2019-09-13:18,AL",1
"2019-09-13:18,AM",2
"2019-09-13:18,AO",2
"2019-09-13:18,AQ",3
"2019-09-13:18,AR",2
"2019-09-13:18,AS",3
"2019-09-13:18,AT",4
"2019-09-13:18,AU",2
"2019-09-13:18,AW",3
"2019-09-13:18,AX",5
"2019-09-13:18,AZ",1
"2019-09-13:18,BA",3
"2019-09-13:18,BB",2
"2019-09-13:18,BD",1
"2019-09-13:18,BE",3
"2019-09-13:18,BF",1
"2019-09-13:18,BG",4
"2019-09-13:18,BH",3
"2019-09-13:18,BI",2
"2019-09-13:18,BL",2
"2019-09-13:18,BM",1
"2019-09-13:18,BN",4
"2019-09-13:18,BO",3
"2019-09-13:18,BQ",3
"2019-09-13:18,BR",2
"2019-09-13:18,BV",4
"2019-09-13:18,BW",4
"2019-09-13:18,BY",2
"2019-09-13:18,BZ",3
"2019-09-13:18,CA",3
"2019-09-13:18,CC",2
"2019-09-13:18,CD",4
"2019-09-13:18,CF",4
"2019-09-13:18,CH",3
"2019-09-13:18,CI",2
"2019-09-13:18,CK",3
"2019-09-13:18,CL",1
"2019-09-13:18,CM",2
"2019-09-13:18,CN",2
"2019-09-13:18,CO",1
"2019-09-13:18,CR",1
"2019-09-13:18,CU",3
"2019-09-13:18,CV",1
"2019-09-13:18,CW",1
"2019-09-13:18,CX",4
"2019-09-13:18,CY",6
"2019-09-13:18,CZ",2
"2019-09-13:18,DE",1
"2019-09-13:18,DJ",5
"2019-09-13:18,DK",2
"2019-09-13:18,DM",2
"2019-09-13:18,DO",2
"2019-09-13:18,DZ",4
"2019-09-13:18,EE",3
"2019-09-13:18,EG",1
"2019-09-13:18,EH",2
"2019-09-13:18,ER",3
"2019-09-13:18,ES",3
"2019-09-13:18,ET",2
"2019-09-13:18,FI",3
"2019-09-13:18,FJ",1
"2019-09-13:18,FK",4
"2019-09-13:18,FO",2
"2019-09-13:18,FR",5
"2019-09-13:18,GA",4
"2019-09-13:18,GB",1
"2019-09-13:18,GD",3
"2019-09-13:18,GE",3
"2019-09-13:18,GF",4
"2019-09-13:18,GG",2
"2019-09-13:18,GI",1
"2019-09-13:18,GL",2
"2019-09-13:18,GM",2
"2019-09-13:18,GN",2
"2019-09-13:18,GP",1
"2019-09-13:18,GQ",4
"2019-09-13:18,GR",1
"2019-09-13:18,GS",3
"2019-09-13:18,GT",2
"2019-09-13:18,GU",3
"2019-09-13:18,GW",3
"2019-09-13:18,GY",2
"2019-09-13:18,HM",1
"2019-09-13:18,HN",2
"2019-09-13:18,HR",4
"2019-09-13:18,HU",3
"2019-09-13:18,ID",1
"2019-09-13:18,IE",3
"2019-09-13:18,IL",3
"2019-09-13:18,IM",1
"2019-09-13:18,IN",1
"2019-09-13:18,IO",2
"2019-09-13:18,IQ",2
"2019-09-13:18,IR",2
"2019-09-13:18,IT",1
"2019-09-13:18,JE",1
"2019-09-13:18,JM",2
"2019-09-13:18,JO",3
"2019-09-13:18,JP",1
"2019-09-13:18,KE",1
"2019-09-13:18,KG",1
"2019-09-13:18,KH",4
"2019-09-13:18,KI",2
"2019-09-13:18,KM",5
"2019-09-13:18,KN",2
"2019-09-13:18,KP",1
"2019-09-13:18,KR",2
"2019-09-13:18,KW",3
"2019-09-13:18,KY",2
"2019-09-13:18,KZ",2
"2019-09-13:18,LA",2
"2019-09-13:18,LB",4
"2019-09-13:18,LK",1
"2019-09-13:18,LR",6
"2019-09-13:18,LT",4
"2019-09-13:18,LU",4
"2019-09-13:18,LV",3
"2019-09-13:18,LY",4
"2019-09-13:18,MC",2
"2019-09-13:18,ME",1
"2019-09-13:18,MF",5
"2019-09-13:18,MG",3
"2019-09-13:18,MH",2
"2019-09-13:18,ML",5
"2019-09-13:18,MM",4
"2019-09-13:18,MN",4
"2019-09-13:18,MO",1
"2019-09-13:18,MP",3
"2019-09-13:18,MQ",3
"2019-09-13:18,MR",3
"2019-09-13:18,MS",2
"2019-09-13:18,MT",5
"2019-09-13:18,MU",3
"2019-09-13:18,MV",1
"2019-09-13:18,MW",3
"2019-09-13:18,MX",3
"2019-09-13:18,MY",3
"2019-09-13:18,MZ",2
"2019-09-13:18,NC",1
"2019-09-13:18,NE",1
"2019-09-13:18,NF",3
"2019-09-13:18,NG",2
"2019-09-13:18,NI",2
"2019-09-13:18,NL",3
"2019-09-13:18,NO",2
"2019-09-13:18,NP",1
"2019-09-13:18,NR",1
"2019-09-13:18,NU",3
"2019-09-13:18,NZ",5
"2019-09-13:18,OM",3
"2019-09-13:18,PA",3
"2019-09-13:18,PE",4
"2019-09-13:18,PF",4
"2019-09-13:18,PG",1
"2019-09-13:18,PH",4
"2019-09-13:18,PK",4
"2019-09-13:18,PL",2
"2019-09-13:18,PM",3
"2019-09-13:18,PR",3
"2019-09-13:18,PS",3
"2019-09-13:18,PW",2
"2019-09-13:18,PY",1
"2019-09-13:18,QA",2
"2019-09-13:18,RO",1
"2019-09-13:18,RS",3
"2019-09-13:18,RU",5
"2019-09-13:18,RW",2
"2019-09-13:18,SA",1
"2019-09-13:18,SB",1
"2019-09-13:18,SC",2
"2019-09-13:18,SD",1
"2019-09-13:18,SG",1
"2019-09-13:18,SH",3
"2019-09-13:18,SI",2
"2019-09-13:18,SJ",1
"2019-09-13:18,SK",1
"2019-09-13:18,SL",1
"2019-09-13:18,SM",2
"2019-09-13:18,SN",3
"2019-09-13:18,SO",4
"2019-09-13:18,SR",5
"2019-09-13:18,SS",1
"2019-09-13:18,ST",1
"2019-09-13:18,SV",2
"2019-09-13:18,TC",2
"2019-09-13:18,TD",2
"2019-09-13:18,TF",2
"2019-09-13:18,TG",1
"2019-09-13:18,TH",1
"2019-09-13:18,TJ",1
"2019-09-13:18,TK",1
"2019-09-13:18,TL",2
"2019-09-13:18,TM",4
"2019-09-13:18,TN",2
"2019-09-13:18,TO",3
"2019-09-13:18,TR",6
"2019-09-13:18,TT",2
"2019-09-13:18,TV",2
"2019-09-13:18,TW",1
"2019-09-13:18,TZ",3
"2019-09-13:18,UA",4
"2019-09-13:18,UG",5
"2019-09-13:18,UM",2
"2019-09-13:18,US",1
"2019-09-13:18,UY",2
"2019-09-13:18,UZ",3
"2019-09-13:18,VA",3
"2019-09-13:18,VE",2
"2019-09-13:18,VG",1
"2019-09-13:18,VI",3
"2019-09-13:18,VN",2
"2019-09-13:18,VU",6
"2019-09-13:18,WF",1
"2019-09-13:18,WS",2
"2019-09-13:18,YE",1
"2019-09-13:18,YT",1
"2019-09-13:18,ZA",5
"2019-09-13:18,ZM",3
"2019-09-13:18,nan",1
"2019-09-13:19,AD",2
"2019-09-13:19,AE",3
"2019-09-13:19,AF",3
"2019-09-13:19,AG",2
"2019-09-13:19,AI",2
"2019-09-13:19,AM",1
"2019-09-13:19,AO",2
"2019-09-13:19,AQ",4
"2019-09-13:19,AR",5
"2019-09-13:19,AS",1
"2019-09-13:19,AT",2
"2019-09-13:19,AW",3
"2019-09-13:19,AX",3
"2019-09-13:19,BA",2
"2019-09-13:19,BB",2
"2019-09-13:19,BD",3
"2019-09-13:19,BE",3
"2019-09-13:19,BF",2
"2019-09-13:19,BG",1
"2019-09-13:19,BH",5
"2019-09-13:19,BI",1
"2019-09-13:19,BJ",2
"2019-09-13:19,BM",2
"2019-09-13:19,BN",2
"2019-09-13:19,BO",1
"2019-09-13:19,BQ",3
"2019-09-13:19,BR",1
"2019-09-13:19,BS",2
"2019-09-13:19,BT",3
"2019-09-13:19,BV",2
"2019-09-13:19,BW",2
"2019-09-13:19,BY",1
"2019-09-13:19,BZ",1
"2019-09-13:19,CA",5
"2019-09-13:19,CC",3
"2019-09-13:19,CD",2
"2019-09-13:19,CF",2
"2019-09-13:19,CG",2
"2019-09-13:19,CH",1
"2019-09-13:19,CI",2
"2019-09-13:19,CK",4
"2019-09-13:19,CN",3
"2019-09-13:19,CO",1
"2019-09-13:19,CR",4
"2019-09-13:19,CU",5
"2019-09-13:19,CV",3
"2019-09-13:19,CW",2
"2019-09-13:19,CX",3
"2019-09-13:19,CY",2
"2019-09-13:19,CZ",2
"2019-09-13:19,DE",1
"2019-09-13:19,DJ",2
"2019-09-13:19,DK",4
"2019-09-13:19,DM",4
"2019-09-13:19,DO",2
"2019-09-13:19,DZ",5
"2019-09-13:19,EC",2
"2019-09-13:19,EE",1
"2019-09-13:19,EG",3
"2019-09-13:19,EH",3
"2019-09-13:19,ER",3
"2019-09-13:19,ES",2
"2019-09-13:19,FI",3
"2019-09-13:19,FJ",4
"2019-09-13:19,FK",1
"2019-09-13:19,FM",2
"2019-09-13:19,FO",2
"2019-09-13:19,FR",1
"2019-09-13:19,GA",4
"2019-09-13:19,GB",3
"2019-09-13:19,GD",2
"2019-09-13:19,GE",1
"2019-09-13:19,GF",3
"2019-09-13:19,GG",3
"2019-09-13:19,GH",2
"2019-09-13:19,GI",1
"2019-09-13:19,GL",4
"2019-09-13:19,GM",3
"2019-09-13:19,GN",1
"2019-09-13:19,GP",2
"2019-09-13:19,GQ",6
"2019-09-13:19,GR",1
"2019-09-13:19,GS",3
"2019-09-13:19,GT",1
"2019-09-13:19,GU",3
"2019-09-13:19,GW",3
"2019-09-13:19,GY",2
"2019-09-13:19,HK",2
"2019-09-13:19,HN",6
"2019-09-13:19,HR",6
"2019-09-13:19,HT",2
"2019-09-13:19,HU",1
"2019-09-13:19,IE",2
"2019-09-13:19,IL",3
"2019-09-13:19,IM",2
"2019-09-13:19,IN",1
"2019-09-13:19,IO",2
"2019-09-13:19,IQ",1
"2019-09-13:19,IR",4
"2019-09-13:19,IS",9
"2019-09-13:19,IT",2
"2019-09-13:19,JE",4
"2019-09-13:19,JM",2
"2019-09-13:19,JO",2
"2019-09-13:19,JP",3
"2019-09-13:19,KE",2
"2019-09-13:19,KG",2
"2019-09-13:19,KI",3
"2019-09-13:19,KM",1
"2019-09-13:19,KN",3
"2019-09-13:19,KP",2
"2019-09-13:19,KR",3
"2019-09-13:19,KW",2
"2019-09-13:19,KZ",3
"2019-09-13:19,LA",2
"2019-09-13:19,LB",4
"2019-09-13:19,LC",1
"2019-09-13:19,LI",4
"2019-09-13:19,LK",2
"2019-09-13:19,LR",1
"2019-09-13:19,LS",1
"2019-09-13:19,LT",1
"2019-09-13:19,LU",3
"2019-09-13:19,LV",1
"2019-09-13:19,LY",2
"2019-09-13:19,MA",5
"2019-09-13:19,MC",1
"2019-09-13:19,ME",3
"2019-09-13:19,MF",2
"2019-09-13:19,MG",4
"2019-09-13:19,MH",2
"2019-09-13:19,MK",2
"2019-09-13:19,MM",3
"2019-09-13:19,MN",2
"2019-09-13:19,MP",1
"2019-09-13:19,MQ",5
"2019-09-13:19,MR",3
"2019-09-13:19,MU",2
"2019-09-13:19,MV",3
"2019-09-13:19,MW",2
"2019-09-13:19,MY",1
"2019-09-13:19,MZ",3
"2019-09-13:19,NC",2
"2019-09-13:19,NE",2
"2019-09-13:19,NF",3
"2019-09-13:19,NG",3
"2019-09-13:19,NI",2
"2019-09-13:19,NL",2
"2019-09-13:19,NO",3
"2019-09-13:19,NP",1
"2019-09-13:19,NZ",4
"2019-09-13:19,OM",1
"2019-09-13:19,PA",2
"2019-09-13:19,PE",1
"2019-09-13:19,PF",1
"2019-09-13:19,PH",4
"2019-09-13:19,PK",4
"2019-09-13:19,PM",1
"2019-09-13:19,PN",4
"2019-09-13:19,PR",3
"2019-09-13:19,PS",2
"2019-09-13:19,PT",3
"2019-09-13:19,PY",1
"2019-09-13:19,QA",4
"2019-09-13:19,RE",1
"2019-09-13:19,RO",1
"2019-09-13:19,RS",1
"2019-09-13:19,RU",2
"2019-09-13:19,SA",5
"2019-09-13:19,SB",1
"2019-09-13:19,SC",2
"2019-09-13:19,SD",2
"2019-09-13:19,SE",4
"2019-09-13:19,SH",3
"2019-09-13:19,SI",2
"2019-09-13:19,SJ",2
"2019-09-13:19,SK",1
"2019-09-13:19,SL",5
"2019-09-13:19,SM",5
"2019-09-13:19,SN",3
"2019-09-13:19,SO",1
"2019-09-13:19,SR",3
"2019-09-13:19,SS",2
"2019-09-13:19,ST",2
"2019-09-13:19,SV",3
"2019-09-13:19,SY",3
"2019-09-13:19,SZ",1
"2019-09-13:19,TC",4
"2019-09-13:19,TD",2
"2019-09-13:19,TF",1
"2019-09-13:19,TK",1
"2019-09-13:19,TL",3
"2019-09-13:19,TM",3
"2019-09-13:19,TN",2
"2019-09-13:19,TO",2
"2019-09-13:19,TR",3
"2019-09-13:19,TV",2
"2019-09-13:19,TW",2
"2019-09-13:19,TZ",4
"2019-09-13:19,UA",3
"2019-09-13:19,UG",1
"2019-09-13:19,UM",2
"2019-09-13:19,US",2
"2019-09-13:19,UY",3
"2019-09-13:19,UZ",2
"2019-09-13:19,VA",2
"2019-09-13:19,VC",3
"2019-09-13:19,VE",3
"2019-09-13:19,VG",4
"2019-09-13:19,VI",5
"2019-09-13:19,VU",2
"2019-09-13:19,WF",3
"2019-09-13:19,WS",2
"2019-09-13:19,YE",3
"2019-09-13:19,YT",4
"2019-09-13:19,ZA",2
"2019-09-13:19,ZM",4
"2019-09-13:19,ZW",3
"2019-09-13:19,nan",7
"2019-09-13:20,AD",3
"2019-09-13:20,AE",2
"2019-09-13:20,AF",3
"2019-09-13:20,AG",1
"2019-09-13:20,AI",3
"2019-09-13:20,AL",3
"2019-09-13:20,AM",2
"2019-09-13:20,AO",1
"2019-09-13:20,AQ",5
"2019-09-13:20,AR",2
"2019-09-13:20,AS",6
"2019-09-13:20,AT",3
"2019-09-13:20,AU",2
"2019-09-13:20,AW",5
"2019-09-13:20,AX",1
"2019-09-13:20,AZ",1
"2019-09-13:20,BA",3
"2019-09-13:20,BB",5
"2019-09-13:20,BD",3
"2019-09-13:20,BE",3
"2019-09-13:20,BF",1
"2019-09-13:20,BG",2
"2019-09-13:20,BH",2
"2019-09-13:20,BI",4
"2019-09-13:20,BJ",3
"2019-09-13:20,BL",3
"2019-09-13:20,BM",5
"2019-09-13:20,BN",4
"2019-09-13:20,BQ",3
"2019-09-13:20,BR",3
"2019-09-13:20,BS",5
"2019-09-13:20,BT",2
"2019-09-13:20,BV",2
"2019-09-13:20,BW",2
"2019-09-13:20,BY",2
"2019-09-13:20,CA",2
"2019-09-13:20,CC",1
"2019-09-13:20,CD",1
"2019-09-13:20,CF",3
"2019-09-13:20,CH",2
"2019-09-13:20,CI",1
"2019-09-13:20,CK",3
"2019-09-13:20,CM",4
"2019-09-13:20,CO",1
"2019-09-13:20,CR",2
"2019-09-13:20,CU",1
"2019-09-13:20,CV",3
"2019-09-13:20,CW",3
"2019-09-13:20,CX",2
"2019-09-13:20,CY",1
"2019-09-13:20,CZ",2
"2019-09-13:20,DE",1
"2019-09-13:20,DJ",3
"2019-09-13:20,DM",2
"2019-09-13:20,DO",5
"2019-09-13:20,DZ",2
"2019-09-13:20,EC",1
"2019-09-13:20,EE",5
"2019-09-13:20,EG",3
"2019-09-13:20,EH",3
"2019-09-13:20,ER",7
"2019-09-13:20,ES",1
"2019-09-13:20,ET",4
"2019-09-13:20,FI",2
"2019-09-13:20,FJ",3
"2019-09-13:20,FK",4
"2019-09-13:20,FM",4
"2019-09-13:20,FR",3
"2019-09-13:20,GA",2
"2019-09-13:20,GD",2
"2019-09-13:20,GE",2
"2019-09-13:20,GG",2
"2019-09-13:20,GH",2
"2019-09-13:20,GI",3
"2019-09-13:20,GM",4
"2019-09-13:20,GN",4
"2019-09-13:20,GP",1
"2019-09-13:20,GQ",3
"2019-09-13:20,GR",5
"2019-09-13:20,GS",1
"2019-09-13:20,GT",3
"2019-09-13:20,GU",4
"2019-09-13:20,GW",1
"2019-09-13:20,GY",6
"2019-09-13:20,HK",4
"2019-09-13:20,HN",3
"2019-09-13:20,HR",1
"2019-09-13:20,HT",1
"2019-09-13:20,HU",3
"2019-09-13:20,IE",2
"2019-09-13:20,IL",5
"2019-09-13:20,IM",1
"2019-09-13:20,IO",1
"2019-09-13:20,IQ",1
"2019-09-13:20,IR",2
"2019-09-13:20,IS",2
"2019-09-13:20,IT",3
"2019-09-13:20,JE",2
"2019-09-13:20,JM",2
"2019-09-13:20,JO",2
"2019-09-13:20,KE",2
"2019-09-13:20,KG",5
"2019-09-13:20,KI",2
"2019-09-13:20,KM",2
"2019-09-13:20,KN",2
"2019-09-13:20,KP",3
"2019-09-13:20,KW",3
"2019-09-13:20,KY",6
"2019-09-13:20,KZ",4
"2019-09-13:20,LA",3
"2019-09-13:20,LB",3
"2019-09-13:20,LI",3
"2019-09-13:20,LK",1
"2019-09-13:20,LR",4
"2019-09-13:20,LS",2
"2019-09-13:20,LT",2
"2019-09-13:20,LU",1
"2019-09-13:20,LV",1
"2019-09-13:20,LY",1
"2019-09-13:20,MC",1
"2019-09-13:20,MD",4
"2019-09-13:20,MF",3
"2019-09-13:20,MG",3
"2019-09-13:20,MH",2
"2019-09-13:20,MK",1
"2019-09-13:20,ML",4
"2019-09-13:20,MM",2
"2019-09-13:20,MN",1
"2019-09-13:20,MO",1
"2019-09-13:20,MP",3
"2019-09-13:20,MQ",2
"2019-09-13:20,MR",2
"2019-09-13:20,MS",2
"2019-09-13:20,MU",1
"2019-09-13:20,MV",3
"2019-09-13:20,MW",1
"2019-09-13:20,MX",5
"2019-09-13:20,MZ",2
"2019-09-13:20,NE",1
"2019-09-13:20,NF",4
"2019-09-13:20,NG",4
"2019-09-13:20,NI",2
"2019-09-13:20,NO",2
"2019-09-13:20,NP",1
"2019-09-13:20,NR",2
"2019-09-13:20,NU",2
"2019-09-13:20,NZ",6
"2019-09-13:20,OM",6
"2019-09-13:20,PA",3
"2019-09-13:20,PE",2
"2019-09-13:20,PF",5
"2019-09-13:20,PG",1
"2019-09-13:20,PH",3
"2019-09-13:20,PK",2
"2019-09-13:20,PL",3
"2019-09-13:20,PM",2
"2019-09-13:20,PN",2
"2019-09-13:20,PR",3
"2019-09-13:20,PS",1
"2019-09-13:20,PW",3
"2019-09-13:20,PY",2
"2019-09-13:20,QA",2
"2019-09-13:20,RE",1
"2019-09-13:20,RO",2
"2019-09-13:20,RS",1
"2019-09-13:20,RW",3
"2019-09-13:20,SA",3
"2019-09-13:20,SB",2
"2019-09-13:20,SC",1
"2019-09-13:20,SD",4
"2019-09-13:20,SE",2
"2019-09-13:20,SG",2
"2019-09-13:20,SH",2
"2019-09-13:20,SI",3
"2019-09-13:20,SJ",3
"2019-09-13:20,SK",2
"2019-09-13:20,SL",2
"2019-09-13:20,SM",2
"2019-09-13:20,SN",2
"2019-09-13:20,SO",1
"2019-09-13:20,SR",1
"2019-09-13:20,ST",2
"2019-09-13:20,SV",3
"2019-09-13:20,SX",3
"2019-09-13:20,SY",3
"2019-09-13:20,SZ",3
"2019-09-13:20,TC",3
"2019-09-13:20,TD",3
"2019-09-13:20,TF",2
"2019-09-13:20,TG",4
"2019-09-13:20,TH",1
"2019-09-13:20,TJ",3
"2019-09-13:20,TK",1
"2019-09-13:20,TL",6
"2019-09-13:20,TN",2
"2019-09-13:20,TR",2
"2019-09-13:20,TT",1
"2019-09-13:20,TV",2
"2019-09-13:20,TZ",1
"2019-09-13:20,UG",5
"2019-09-13:20,US",2
"2019-09-13:20,UY",2
"2019-09-13:20,UZ",1
"2019-09-13:20,VA",4
"2019-09-13:20,VC",3
"2019-09-13:20,VE",2
"2019-09-13:20,VG",2
"2019-09-13:20,VI",1
"2019-09-13:20,VN",2
"2019-09-13:20,VU",1
"2019-09-13:20,WF",4
"2019-09-13:20,WS",1
"2019-09-13:20,YE",2
"2019-09-13:20,YT",2
"2019-09-13:20,ZA",2
"2019-09-13:20,ZM",1
"2019-09-13:20,ZW",3
"2019-09-13:20,nan",3
"2019-09-13:21,AD",2
"2019-09-13:21,AE",4
"2019-09-13:21,AF",2
"2019-09-13:21,AG",2
"2019-09-13:21,AI",2
"2019-09-13:21,AM",2
"2019-09-13:21,AO",2
"2019-09-13:21,AQ",2
"2019-09-13:21,AR",2
"2019-09-13:21,AS",2
"2019-09-13:21,AT",1
"2019-09-13:21,AU",1
"2019-09-13:21,AW",4
"2019-09-13:21,AX",5
"2019-09-13:21,AZ",1
"2019-09-13:21,BA",3
"2019-09-13:21,BB",1
"2019-09-13:21,BD",4
"2019-09-13:21,BE",2
"2019-09-13:21,BF",1
"2019-09-13:21,BG",3
"2019-09-13:21,BH",4
"2019-09-13:21,BI",2
"2019-09-13:21,BJ",2
"2019-09-13:21,BL",2
"2019-09-13:21,BM",1
"2019-09-13:21,BN",3
"2019-09-13:21,BO",1
"2019-09-13:21,BR",2
"2019-09-13:21,BS",2
"2019-09-13:21,BT",2
"2019-09-13:21,BV",2
"2019-09-13:21,BW",2
"2019-09-13:21,BY",1
"2019-09-13:21,BZ",1
"2019-09-13:21,CA",3
"2019-09-13:21,CC",2
"2019-09-13:21,CD",3
"2019-09-13:21,CF",2
"2019-09-13:21,CG",2
"2019-09-13:21,CH",6
"2019-09-13:21,CI",4
"2019-09-13:21,CK",4
"2019-09-13:21,CL",2
"2019-09-13:21,CM",4
"2019-09-13:21,CN",1
"2019-09-13:21,CO",4
"2019-09-13:21,CR",5
"2019-09-13:21,CU",1
"2019-09-13:21,CV",2
"2019-09-13:21,CW",3
"2019-09-13:21,CX",3
"2019-09-13:21,CY",1
"2019-09-13:21,CZ",1
"2019-09-13:21,DE",3
"2019-09-13:21,DK",3
"2019-09-13:21,DM",4
"2019-09-13:21,DO",4
"2019-09-13:21,EC",3
"2019-09-13:21,EE",3
"2019-09-13:21,EH",2
"2019-09-13:21,ER",4
"2019-09-13:21,ES",3
"2019-09-13:21,FI",3
"2019-09-13:21,FK",1
"2019-09-13:21,FM",3
"2019-09-13:21,FO",1
"2019-09-13:21,FR",5
"2019-09-13:21,GA",3
"2019-09-13:21,GB",1
"2019-09-13:21,GD",1
"2019-09-13:21,GE",3
"2019-09-13:21,GF",2
"2019-09-13:21,GG",5
"2019-09-13:21,GI",2
"2019-09-13:21,GL",2
"2019-09-13:21,GM",2
"2019-09-13:21,GN",2
"2019-09-13:21,GP",2
"2019-09-13:21,GQ",1
"2019-09-13:21,GR",3
"2019-09-13:21,GT",3
"2019-09-13:21,GU",2
"2019-09-13:21,GW",5
"2019-09-13:21,GY",1
"2019-09-13:21,HM",2
"2019-09-13:21,HN",1
"2019-09-13:21,HR",1
"2019-09-13:21,HT",4
"2019-09-13:21,HU",2
"2019-09-13:21,ID",3
"2019-09-13:21,IL",3
"2019-09-13:21,IM",2
"2019-09-13:21,IN",1
"2019-09-13:21,IO",5
"2019-09-13:21,IQ",4
"2019-09-13:21,IR",5
"2019-09-13:21,IS",2
"2019-09-13:21,IT",2
"2019-09-13:21,JE",1
"2019-09-13:21,JM",2
"2019-09-13:21,JO",2
"2019-09-13:21,KE",2
"2019-09-13:21,KG",3
"2019-09-13:21,KH",4
"2019-09-13:21,KM",3
"2019-09-13:21,KN",3
"2019-09-13:21,KP",1
"2019-09-13:21,KR",2
"2019-09-13:21,KW",2
"2019-09-13:21,KY",4
"2019-09-13:21,KZ",1
"2019-09-13:21,LA",2
"2019-09-13:21,LB",1
"2019-09-13:21,LI",4
"2019-09-13:21,LK",1
"2019-09-13:21,LS",1
"2019-09-13:21,LT",8
"2019-09-13:21,LU",4
"2019-09-13:21,LV",3
"2019-09-13:21,LY",3
"2019-09-13:21,MA",4
"2019-09-13:21,MC",3
"2019-09-13:21,MD",2
"2019-09-13:21,ME",1
"2019-09-13:21,MF",1
"2019-09-13:21,MG",6
"2019-09-13:21,MH",5
"2019-09-13:21,MK",4
"2019-09-13:21,ML",1
"2019-09-13:21,MM",2
"2019-09-13:21,MN",5
"2019-09-13:21,MO",2
"2019-09-13:21,MP",3
"2019-09-13:21,MQ",1
"2019-09-13:21,MR",3
"2019-09-13:21,MT",3
"2019-09-13:21,MX",2
"2019-09-13:21,MY",2
"2019-09-13:21,MZ",2
"2019-09-13:21,NC",2
"2019-09-13:21,NE",4
"2019-09-13:21,NF",3
"2019-09-13:21,NG",1
"2019-09-13:21,NO",4
"2019-09-13:21,NP",4
"2019-09-13:21,NR",1
"2019-09-13:21,NU",1
"2019-09-13:21,NZ",3
"2019-09-13:21,PA",2
"2019-09-13:21,PF",3
"2019-09-13:21,PG",2
"2019-09-13:21,PH",3
"2019-09-13:21,PK",4
"2019-09-13:21,PM",2
"2019-09-13:21,PN",2
"2019-09-13:21,PR",3
"2019-09-13:21,PS",2
"2019-09-13:21,PT",6
"2019-09-13:21,PW",3
"2019-09-13:21,PY",3
"2019-09-13:21,QA",2
"2019-09-13:21,RE",3
"2019-09-13:21,RO",5
"2019-09-13:21,RS",1
"2019-09-13:21,RW",2
"2019-09-13:21,SA",3
"2019-09-13:21,SB",1
"2019-09-13:21,SD",3
"2019-09-13:21,SE",3
"2019-09-13:21,SG",3
"2019-09-13:21,SH",1
"2019-09-13:21,SI",1
"2019-09-13:21,SJ",1
"2019-09-13:21,SK",2
"2019-09-13:21,SL",2
"2019-09-13:21,SM",1
"2019-09-13:21,SN",2
"2019-09-13:21,SR",2
"2019-09-13:21,SS",2
"2019-09-13:21,SV",4
"2019-09-13:21,SX",3
"2019-09-13:21,SY",1
"2019-09-13:21,TC",4
"2019-09-13:21,TD",7
"2019-09-13:21,TF",3
"2019-09-13:21,TG",1
"2019-09-13:21,TH",2
"2019-09-13:21,TJ",3
"2019-09-13:21,TK",2
"2019-09-13:21,TL",3
"2019-09-13:21,TM",1
"2019-09-13:21,TN",3
"2019-09-13:21,TR",3
"2019-09-13:21,TT",2
"2019-09-13:21,TV",3
"2019-09-13:21,TW",3
"2019-09-13:21,TZ",5
"2019-09-13:21,UA",3
"2019-09-13:21,UG",4
"2019-09-13:21,UM",7
"2019-09-13:21,US",1
"2019-09-13:21,UY",2
"2019-09-13:21,UZ",4
"2019-09-13:21,VA",3
"2019-09-13:21,VE",2
"2019-09-13:21,VG",2
"2019-09-13:21,VI",5
"2019-09-13:21,VN",1
"2019-09-13:21,WS",2
"2019-09-13:21,YE",1
"2019-09-13:21,YT",1
"2019-09-13:21,ZA",2
"2019-09-13:21,ZM",2
"2019-09-13:21,ZW",3
"2019-09-13:21,nan",3
"2019-09-13:22,AD",3
"2019-09-13:22,AE",1
"2019-09-13:22,AF",2
"2019-09-13:22,AG",2
"2019-09-13:22,AL",2
"2019-09-13:22,AM",3
"2019-09-13:22,AO",1
"2019-09-13:22,AQ",1
"2019-09-13:22,AR",2
"2019-09-13:22,AS",4
"2019-09-13:22,AT",2
"2019-09-13:22,AU",2
"2019-09-13:22,AW",1
"2019-09-13:22,AX",1
"2019-09-13:22,AZ",2
"2019-09-13:22,BA",2
"2019-09-13:22,BB",2
"2019-09-13:22,BD",4
"2019-09-13:22,BE",2
"2019-09-13:22,BF",3
"2019-09-13:22,BG",5
"2019-09-13:22,BH",4
"2019-09-13:22,BI",4
"2019-09-13:22,BJ",3
"2019-09-13:22,BL",1
"2019-09-13:22,BN",2
"2019-09-13:22,BO",1
"2019-09-13:22,BQ",4
"2019-09-13:22,BR",4
"2019-09-13:22,BS",3
"2019-09-13:22,BT",2
"2019-09-13:22,BV",1
"2019-09-13:22,BW",1
"2019-09-13:22,BY",3
"2019-09-13:22,BZ",1
"2019-09-13:22,CA",4
"2019-09-13:22,CC",2
"2019-09-13:22,CD",2
"2019-09-13:22,CF",2
"2019-09-13:22,CG",3
"2019-09-13:22,CH",3
"2019-09-13:22,CI",4
"2019-09-13:22,CL",2
"2019-09-13:22,CM",3
"2019-09-13:22,CN",3
"2019-09-13:22,CO",3
"2019-09-13:22,CU",6
"2019-09-13:22,CV",4
"2019-09-13:22,CW",2
"2019-09-13:22,CX",2
"2019-09-13:22,CY",2
"2019-09-13:22,CZ",4
"2019-09-13:22,DE",2
"2019-09-13:22,DJ",3
"2019-09-13:22,DK",3
"2019-09-13:22,DM",2
"2019-09-13:22,DO",1
"2019-09-13:22,DZ",2
"2019-09-13:22,EC",4
"2019-09-13:22,EE",1
"2019-09-13:22,EG",3
"2019-09-13:22,EH",5
"2019-09-13:22,ER",3
"2019-09-13:22,ES",1
"2019-09-13:22,ET",2
"2019-09-13:22,FI",2
"2019-09-13:22,FJ",2
"2019-09-13:22,FK",2
"2019-09-13:22,FM",2
"2019-09-13:22,FO",3
"2019-09-13:22,GA",3
"2019-09-13:22,GB",2
"2019-09-13:22,GD",3
"2019-09-13:22,GE",2
"2019-09-13:22,GG",1
"2019-09-13:22,GH",1
"2019-09-13:22,GI",1
"2019-09-13:22,GL",5
"2019-09-13:22,GM",2
"2019-09-13:22,GP",2
"2019-09-13:22,GQ",4
"2019-09-13:22,GR",1
"2019-09-13:22,GS",1
"2019-09-13:22,GT",5
"2019-09-13:22,GU",2
"2019-09-13:22,GW",2
"2019-09-13:22,GY",3
"2019-09-13:22,HK",4
"2019-09-13:22,HN",2
"2019-09-13:22,HR",2
"2019-09-13:22,HT",3
"2019-09-13:22,HU",5
"2019-09-13:22,ID",1
"2019-09-13:22,IE",3
"2019-09-13:22,IL",2
"2019-09-13:22,IM",5
"2019-09-13:22,IN",1
"2019-09-13:22,IO",1
"2019-09-13:22,IQ",3
"2019-09-13:22,IR",1
"2019-09-13:22,IS",6
"2019-09-13:22,IT",2
"2019-09-13:22,JE",2
"2019-09-13:22,JM",3
"2019-09-13:22,JO",3
"2019-09-13:22,JP",4
"2019-09-13:22,KE",1
"2019-09-13:22,KG",2
"2019-09-13:22,KH",5
"2019-09-13:22,KR",4
"2019-09-13:22,KW",1
"2019-09-13:22,KY",3
"2019-09-13:22,LA",3
"2019-09-13:22,LB",1
"2019-09-13:22,LC",3
"2019-09-13:22,LI",3
"2019-09-13:22,LK",3
"2019-09-13:22,LR",4
"2019-09-13:22,LT",3
"2019-09-13:22,LU",1
"2019-09-13:22,LV",2
"2019-09-13:22,LY",2
"2019-09-13:22,MA",2
"2019-09-13:22,MC",2
"2019-09-13:22,MD",3
"2019-09-13:22,ME",4
"2019-09-13:22,MF",3
"2019-09-13:22,MG",2
"2019-09-13:22,MH",3
"2019-09-13:22,MK",2
"2019-09-13:22,MN",5
"2019-09-13:22,MP",1
"2019-09-13:22,MQ",2
"2019-09-13:22,MR",2
"2019-09-13:22,MS",2
"2019-09-13:22,MT",2
"2019-09-13:22,MU",3
"2019-09-13:22,MV",2
"2019-09-13:22,MW",1
"2019-09-13:22,MX",4
"2019-09-13:22,MY",4
"2019-09-13:22,NC",3
"2019-09-13:22,NE",2
"2019-09-13:22,NF",2
"2019-09-13:22,NG",5
"2019-09-13:22,NI",2
"2019-09-13:22,NL",6
"2019-09-13:22,NO",4
"2019-09-13:22,NP",1
"2019-09-13:22,NR",1
"2019-09-13:22,NU",5
"2019-09-13:22,NZ",2
"2019-09-13:22,OM",1
"2019-09-13:22,PA",3
"2019-09-13:22,PE",1
"2019-09-13:22,PF",2
"2019-09-13:22,PG",2
"2019-09-13:22,PH",2
"2019-09-13:22,PK",4
"2019-09-13:22,PL",1
"2019-09-13:22,PM",3
"2019-09-13:22,PR",1
"2019-09-13:22,PT",2
"2019-09-13:22,PY",3
"2019-09-13:22,QA",5
"2019-09-13:22,RE",4
"2019-09-13:22,RO",1
"2019-09-13:22,RU",3
"2019-09-13:22,RW",2
"2019-09-13:22,SA",3
"2019-09-13:22,SB",3
"2019-09-13:22,SC",6
"2019-09-13:22,SE",7
"2019-09-13:22,SG",4
"2019-09-13:22,SH",2
"2019-09-13:22,SI",2
"2019-09-13:22,SJ",1
"2019-09-13:22,SK",2
"2019-09-13:22,SL",2
"2019-09-13:22,SM",1
"2019-09-13:22,SN",3
"2019-09-13:22,SO",2
"2019-09-13:22,SR",1
"2019-09-13:22,SS",3
"2019-09-13:22,ST",2
"2019-09-13:22,SV",4
"2019-09-13:22,SX",1
"2019-09-13:22,SY",3
"2019-09-13:22,SZ",2
"2019-09-13:22,TC",1
"2019-09-13:22,TD",2
"2019-09-13:22,TF",2
"2019-09-13:22,TG",1
"2019-09-13:22,TH",4
"2019-09-13:22,TJ",3
"2019-09-13:22,TK",5
"2019-09-13:22,TM",1
"2019-09-13:22,TO",3
"2019-09-13:22,TR",2
"2019-09-13:22,TV",2
"2019-09-13:22,TW",2
"2019-09-13:22,TZ",2
"2019-09-13:22,UG",1
"2019-09-13:22,UM",1
"2019-09-13:22,UY",3
"2019-09-13:22,UZ",1
"2019-09-13:22,VA",2
"2019-09-13:22,VC",2
"2019-09-13:22,VE",3
"2019-09-13:22,VG",3
"2019-09-13:22,VI",2
"2019-09-13:22,VN",2
"2019-09-13:22,VU",2
"2019-09-13:22,WF",2
"2019-09-13:22,WS",3
"2019-09-13:22,YE",2
"2019-09-13:22,YT",2
"2019-09-13:22,ZA",2
"2019-09-13:22,ZM",2
"2019-09-13:22,ZW",2
"2019-09-13:22,nan",4
"2019-09-13:23,AD",3
"2019-09-13:23,AE",3
"2019-09-13:23,AF",2
"2019-09-13:23,AG",2
"2019-09-13:23,AL",2
"2019-09-13:23,AM",6
"2019-09-13:23,AO",2
"2019-09-13:23,AQ",3
"2019-09-13:23,AS",1
"2019-09-13:23,AT",2
"2019-09-13:23,AU",1
"2019-09-13:23,AW",2
"2019-09-13:23,AX",6
"2019-09-13:23,BA",5
"2019-09-13:23,BB",1
"2019-09-13:23,BD",4
"2019-09-13:23,BF",2
"2019-09-13:23,BG",2
"2019-09-13:23,BH",4
"2019-09-13:23,BI",2
"2019-09-13:23,BJ",1
"2019-09-13:23,BL",4
"2019-09-13:23,BM",2
"2019-09-13:23,BO",1
"2019-09-13:23,BQ",2
"2019-09-13:23,BR",4
"2019-09-13:23,BS",4
"2019-09-13:23,BT",1
"2019-09-13:23,BV",2
"2019-09-13:23,BW",1
"2019-09-13:23,BZ",5
"2019-09-13:23,CA",1
"2019-09-13:23,CC",1
"2019-09-13:23,CF",1
"2019-09-13:23,CG",2
"2019-09-13:23,CH",2
"2019-09-13:23,CI",1
"2019-09-13:23,CK",2
"2019-09-13:23,CM",3
"2019-09-13:23,CN",4
"2019-09-13:23,CO",2
"2019-09-13:23,CR",1
"2019-09-13:23,CU",2
"2019-09-13:23,CV",4
"2019-09-13:23,CW",2
"2019-09-13:23,CX",2
"2019-09-13:23,CZ",2
"2019-09-13:23,DE",1
"2019-09-13:23,DJ",2
"2019-09-13:23,DK",1
"2019-09-13:23,DO",3
"2019-09-13:23,DZ",1
"2019-09-13:23,EC",3
"2019-09-13:23,EE",2
"2019-09-13:23,EG",1
"2019-09-13:23,EH",4
"2019-09-13:23,ER",4
"2019-09-13:23,ES",1
"2019-09-13:23,ET",4
"2019-09-13:23,FI",2
"2019-09-13:23,FJ",4
"2019-09-13:23,FM",4
"2019-09-13:23,FO",4
"2019-09-13:23,FR",2
"2019-09-13:23,GA",2
"2019-09-13:23,GB",4
"2019-09-13:23,GD",2
"2019-09-13:23,GE",5
"2019-09-13:23,GG",2
"2019-09-13:23,GH",5
"2019-09-13:23,GI",4
"2019-09-13:23,GL",3
"2019-09-13:23,GM",2
"2019-09-13:23,GN",2
"2019-09-13:23,GQ",2
"2019-09-13:23,GR",5
"2019-09-13:23,GS",1
"2019-09-13:23,GT",2
"2019-09-13:23,GU",4
"2019-09-13:23,GW",2
"2019-09-13:23,GY",4
"2019-09-13:23,HK",4
"2019-09-13:23,HN",2
"2019-09-13:23,HR",2
"2019-09-13:23,HT",4
"2019-09-13:23,HU",3
"2019-09-13:23,ID",3
"2019-09-13:23,IE",3
"2019-09-13:23,IO",3
"2019-09-13:23,IQ",2
"2019-09-13:23,IR",1
"2019-09-13:23,IS",5
"2019-09-13:23,IT",4
"2019-09-13:23,JE",3
"2019-09-13:23,JM",2
"2019-09-13:23,JO",4
"2019-09-13:23,JP",2
"2019-09-13:23,KE",2
"2019-09-13:23,KG",1
"2019-09-13:23,KH",2
"2019-09-13:23,KI",6
"2019-09-13:23,KM",1
"2019-09-13:23,KN",1
"2019-09-13:23,KP",2
"2019-09-13:23,KR",1
"2019-09-13:23,KW",1
"2019-09-13:23,KY",3
"2019-09-13:23,KZ",2
"2019-09-13:23,LA",4
"2019-09-13:23,LB",2
"2019-09-13:23,LC",2
"2019-09-13:23,LI",1
"2019-09-13:23,LK",2
"2019-09-13:23,LR",2
"2019-09-13:23,LS",3
"2019-09-13:23,LT",7
"2019-09-13:23,LY",2
"2019-09-13:23,MA",2
"2019-09-13:23,MC",2
"2019-09-13:23,MD",1
"2019-09-13:23,ME",1
"2019-09-13:23,MF",1
"2019-09-13:23,MG",1
"2019-09-13:23,MH",2
"2019-09-13:23,MK",2
"2019-09-13:23,ML",6
"2019-09-13:23,MM",2
"2019-09-13:23,MN",3
"2019-09-13:23,MO",2
"2019-09-13:23,MP",2
"2019-09-13:23,MQ",3
"2019-09-13:23,MR",4
"2019-09-13:23,MS",1
"2019-09-13:23,MU",3
"2019-09-13:23,MV",1
"2019-09-13:23,MW",3
"2019-09-13:23,MX",3
"2019-09-13:23,NC",2
"2019-09-13:23,NE",1
"2019-09-13:23,NF",2
"2019-09-13:23,NG",6
"2019-09-13:23,NI",4
"2019-09-13:23,NL",3
"2019-09-13:23,NO",3
"2019-09-13:23,NP",1
"2019-09-13:23,NR",2
"2019-09-13:23,NU",1
"2019-09-13:23,NZ",2
"2019-09-13:23,OM",3
"2019-09-13:23,PA",2
"2019-09-13:23,PE",3
"2019-09-13:23,PF",4
"2019-09-13:23,PG",2
"2019-09-13:23,PH",1
"2019-09-13:23,PK",3
"2019-09-13:23,PL",2
"2019-09-13:23,PM",2
"2019-09-13:23,PS",2
"2019-09-13:23,PT",3
"2019-09-13:23,PW",2
"2019-09-13:23,PY",1
"2019-09-13:23,QA",5
"2019-09-13:23,RE",2
"2019-09-13:23,RS",2
"2019-09-13:23,RU",2
"2019-09-13:23,RW",4
"2019-09-13:23,SA",4
"2019-09-13:23,SB",3
"2019-09-13:23,SC",4
"2019-09-13:23,SD",2
"2019-09-13:23,SE",2
"2019-09-13:23,SG",3
"2019-09-13:23,SH",2
"2019-09-13:23,SI",3
"2019-09-13:23,SJ",2
"2019-09-13:23,SK",1
"2019-09-13:23,SL",2
"2019-09-13:23,SO",3
"2019-09-13:23,SR",1
"2019-09-13:23,SS",3
"2019-09-13:23,ST",1
"2019-09-13:23,SV",3
"2019-09-13:23,SX",3
"2019-09-13:23,SY",5
"2019-09-13:23,SZ",1
"2019-09-13:23,TC",1
"2019-09-13:23,TD",2
"2019-09-13:23,TF",1
"2019-09-13:23,TG",4
"2019-09-13:23,TH",2
"2019-09-13:23,TL",2
"2019-09-13:23,TM",4
"2019-09-13:23,TN",6
"2019-09-13:23,TO",1
"2019-09-13:23,TR",1
"2019-09-13:23,TT",4
"2019-09-13:23,TV",1
"2019-09-13:23,TZ",1
"2019-09-13:23,UA",3
"2019-09-13:23,UG",7
"2019-09-13:23,UM",3
"2019-09-13:23,US",2
"2019-09-13:23,UY",1
"2019-09-13:23,UZ",2
"2019-09-13:23,VE",1
"2019-09-13:23,VG",5
"2019-09-13:23,VN",2
"2019-09-13:23,VU",3
"2019-09-13:23,WF",6
"2019-09-13:23,WS",3
"2019-09-13:23,YE",3
"2019-09-13:23,YT",3
"2019-09-13:23,ZA",4
"2019-09-13:23,ZM",4
"2019-09-13:23,ZW",1
"2019-09-13:23,nan",3
"2019-09-14:00,AD",3
"2019-09-14:00,AF",1
"2019-09-14:00,AI",3
"2019-09-14:00,AL",5
"2019-09-14:00,AM",3
"2019-09-14:00,AO",1
"2019-09-14:00,AQ",1
"2019-09-14:00,AR",3
"2019-09-14:00,AS",3
"2019-09-14:00,AT",3
"2019-09-14:00,AU",3
"2019-09-14:00,AW",1
"2019-09-14:00,AZ",5
"2019-09-14:00,BA",3
"2019-09-14:00,BB",2
"2019-09-14:00,BD",3
"2019-09-14:00,BE",1
"2019-09-14:00,BF",3
"2019-09-14:00,BG",1
"2019-09-14:00,BH",5
"2019-09-14:00,BI",2
"2019-09-14:00,BJ",3
"2019-09-14:00,BL",3
"2019-09-14:00,BM",7
"2019-09-14:00,BN",2
"2019-09-14:00,BO",1
"2019-09-14:00,BQ",1
"2019-09-14:00,BR",1
"2019-09-14:00,BS",1
"2019-09-14:00,BT",1
"2019-09-14:00,BV",1
"2019-09-14:00,BW",2
"2019-09-14:00,BY",1
"2019-09-14:00,BZ",3
"2019-09-14:00,CA",1
"2019-09-14:00,CC",1
"2019-09-14:00,CD",1
"2019-09-14:00,CG",4
"2019-09-14:00,CH",2
"2019-09-14:00,CI",4
"2019-09-14:00,CK",3
"2019-09-14:00,CL",1
"2019-09-14:00,CM",4
"2019-09-14:00,CN",1
"2019-09-14:00,CO",2
"2019-09-14:00,CR",5
"2019-09-14:00,CU",1
"2019-09-14:00,CV",3
"2019-09-14:00,CW",1
"2019-09-14:00,CX",4
"2019-09-14:00,CZ",1
"2019-09-14:00,DE",3
"2019-09-14:00,DJ",1
"2019-09-14:00,DK",5
"2019-09-14:00,DM",3
"2019-09-14:00,DO",1
"2019-09-14:00,DZ",2
"2019-09-14:00,EC",1
"2019-09-14:00,EE",1
"2019-09-14:00,EG",2
"2019-09-14:00,EH",2
"2019-09-14:00,ER",3
"2019-09-14:00,ES",3
"2019-09-14:00,ET",1
"2019-09-14:00,FI",6
"2019-09-14:00,FJ",5
"2019-09-14:00,FO",4
"2019-09-14:00,FR",4
"2019-09-14:00,GA",1
"2019-09-14:00,GB",2
"2019-09-14:00,GD",1
"2019-09-14:00,GE",2
"2019-09-14:00,GF",3
"2019-09-14:00,GG",4
"2019-09-14:00,GH",2
"2019-09-14:00,GI",2
"2019-09-14:00,GL",1
"2019-09-14:00,GM",2
"2019-09-14:00,GN",1
"2019-09-14:00,GP",2
"2019-09-14:00,GQ",1
"2019-09-14:00,GS",2
"2019-09-14:00,GT",4
"2019-09-14:00,GU",1
"2019-09-14:00,GW",2
"2019-09-14:00,GY",4
"2019-09-14:00,HK",1
"2019-09-14:00,HN",2
"2019-09-14:00,HR",4
"2019-09-14:00,HT",4
"2019-09-14:00,HU",2
"2019-09-14:00,ID",3
"2019-09-14:00,IE",2
"2019-09-14:00,IL",5
"2019-09-14:00,IM",2
"2019-09-14:00,IN",3
"2019-09-14:00,IO",4
"2019-09-14:00,IQ",1
"2019-09-14:00,IT",2
"2019-09-14:00,JE",3
"2019-09-14:00,JM",3
"2019-09-14:00,JO",1
"2019-09-14:00,JP",2
"2019-09-14:00,KE",4
"2019-09-14:00,KG",3
"2019-09-14:00,KH",5
"2019-09-14:00,KI",4
"2019-09-14:00,KM",2
"2019-09-14:00,KN",3
"2019-09-14:00,KP",2
"2019-09-14:00,KW",1
"2019-09-14:00,KY",3
"2019-09-14:00,KZ",5
"2019-09-14:00,LA",1
"2019-09-14:00,LB",4
"2019-09-14:00,LI",2
"2019-09-14:00,LK",2
"2019-09-14:00,LR",3
"2019-09-14:00,LT",2
"2019-09-14:00,LV",1
"2019-09-14:00,LY",3
"2019-09-14:00,MA",5
"2019-09-14:00,MC",3
"2019-09-14:00,MD",2
"2019-09-14:00,MF",1
"2019-09-14:00,MG",1
"2019-09-14:00,MH",1
"2019-09-14:00,MK",2
"2019-09-14:00,ML",4
"2019-09-14:00,MM",3
"2019-09-14:00,MN",1
"2019-09-14:00,MO",2
"2019-09-14:00,MP",1
"2019-09-14:00,MQ",2
"2019-09-14:00,MR",4
"2019-09-14:00,MT",1
"2019-09-14:00,MU",2
"2019-09-14:00,MV",2
"2019-09-14:00,MW",1
"2019-09-14:00,MX",3
"2019-09-14:00,MY",3
"2019-09-14:00,NC",1
"2019-09-14:00,NE",1
"2019-09-14:00,NF",6
"2019-09-14:00,NG",5
"2019-09-14:00,NI",2
"2019-09-14:00,NO",4
"2019-09-14:00,NP",1
"2019-09-14:00,NR",4
"2019-09-14:00,NU",3
"2019-09-14:00,NZ",3
"2019-09-14:00,OM",2
"2019-09-14:00,PA",4
"2019-09-14:00,PE",1
"2019-09-14:00,PF",2
"2019-09-14:00,PG",1
"2019-09-14:00,PH",1
"2019-09-14:00,PK",1
"2019-09-14:00,PL",1
"2019-09-14:00,PM",1
"2019-09-14:00,PN",4
"2019-09-14:00,PR",2
"2019-09-14:00,PS",6
"2019-09-14:00,PY",2
"2019-09-14:00,QA",4
"2019-09-14:00,RE",1
"2019-09-14:00,RO",1
"2019-09-14:00,RS",2
"2019-09-14:00,RU",3
"2019-09-14:00,RW",5
"2019-09-14:00,SA",2
"2019-09-14:00,SB",2
"2019-09-14:00,SC",4
"2019-09-14:00,SD",1
"2019-09-14:00,SE",3
"2019-09-14:00,SG",2
"2019-09-14:00,SH",2
"2019-09-14:00,SI",4
"2019-09-14:00,SJ",3
"2019-09-14:00,SK",2
"2019-09-14:00,SL",3
"2019-09-14:00,SM",4
"2019-09-14:00,SN",2
"2019-09-14:00,SO",4
"2019-09-14:00,SR",2
"2019-09-14:00,SS",1
"2019-09-14:00,SV",1
"2019-09-14:00,SX",2
"2019-09-14:00,SY",1
"2019-09-14:00,SZ",3
"2019-09-14:00,TC",3
"2019-09-14:00,TD",2
"2019-09-14:00,TF",3
"2019-09-14:00,TG",3
"2019-09-14:00,TH",2
"2019-09-14:00,TJ",1
"2019-09-14:00,TK",3
"2019-09-14:00,TL",4
"2019-09-14:00,TN",5
"2019-09-14:00,TO",2
"2019-09-14:00,TR",3
"2019-09-14:00,TT",3
"2019-09-14:00,TV",1
"2019-09-14:00,TW",1
"2019-09-14:00,TZ",2
"2019-09-14:00,UA",2
"2019-09-14:00,UG",2
"2019-09-14:00,UM",3
"2019-09-14:00,US",1
"2019-09-14:00,UY",1
"2019-09-14:00,UZ",3
"2019-09-14:00,VA",1
"2019-09-14:00,VC",4
"2019-09-14:00,VE",4
"2019-09-14:00,VG",3
"2019-09-14:00,VI",1
"2019-09-14:00,VU",3
"2019-09-14:00,WF",2
"2019-09-14:00,WS",1
"2019-09-14:00,YE",3
"2019-09-14:00,YT",4
"2019-09-14:00,ZA",4
"2019-09-14:00,ZM",4
"2019-09-14:00,ZW",6
"2019-09-14:01,AD",2
"2019-09-14:01,AE",2
"2019-09-14:01,AF",2
"2019-09-14:01,AG",1
"2019-09-14:01,AI",4
"2019-09-14:01,AL",1
"2019-09-14:01,AM",1
"2019-09-14:01,AO",6
"2019-09-14:01,AQ",2
"2019-09-14:01,AR",1
"2019-09-14:01,AS",3
"2019-09-14:01,AT",1
"2019-09-14:01,AU",2
"2019-09-14:01,AW",1
"2019-09-14:01,AX",5
"2019-09-14:01,AZ",1
"2019-09-14:01,BA",1
"2019-09-14:01,BB",2
"2019-09-14:01,BD",1
"2019-09-14:01,BF",1
"2019-09-14:01,BG",3
"2019-09-14:01,BH",3
"2019-09-14:01,BI",3
"2019-09-14:01,BJ",3
"2019-09-14:01,BL",1
"2019-09-14:01,BM",2
"2019-09-14:01,BN",3
"2019-09-14:01,BO",4
"2019-09-14:01,BQ",1
"2019-09-14:01,BR",2
"2019-09-14:01,BS",1
"2019-09-14:01,BT",2
"2019-09-14:01,BV",2
"2019-09-14:01,BW",1
"2019-09-14:01,BY",1
"2019-09-14:01,BZ",3
"2019-09-14:01,CA",3
"2019-09-14:01,CF",6
"2019-09-14:01,CG",2
"2019-09-14:01,CH",4
"2019-09-14:01,CI",2
"2019-09-14:01,CK",3
"2019-09-14:01,CL",1
"2019-09-14:01,CM",1
"2019-09-14:01,CN",4
"2019-09-14:01,CO",2
"2019-09-14:01,CR",1
"2019-09-14:01,CU",1
"2019-09-14:01,CV",2
"2019-09-14:01,CW",1
"2019-09-14:01,CX",3
"2019-09-14:01,CY",4
"2019-09-14:01,CZ",5
"2019-09-14:01,DE",1
"2019-09-14:01,DJ",3
"2019-09-14:01,DK",3
"2019-09-14:01,DM",2
"2019-09-14:01,DO",4
"2019-09-14:01,DZ",3
"2019-09-14:01,EC",2
"2019-09-14:01,EE",1
"2019-09-14:01,EH",2
"2019-09-14:01,ER",1
"2019-09-14:01,ES",2
"2019-09-14:01,ET",3
"2019-09-14:01,FI",2
"2019-09-14:01,FJ",2
"2019-09-14:01,FK",3
"2019-09-14:01,FM",2
"2019-09-14:01,FO",3
"2019-09-14:01,FR",2
"2019-09-14:01,GA",5
"2019-09-14:01,GD",2
"2019-09-14:01,GE",1
"2019-09-14:01,GF",3
"2019-09-14:01,GH",3
"2019-09-14:01,GL",2
"2019-09-14:01,GN",2
"2019-09-14:01,GP",7
"2019-09-14:01,GQ",5
"2019-09-14:01,GR",1
"2019-09-14:01,GS",3
"2019-09-14:01,GT",4
"2019-09-14:01,GU",3
"2019-09-14:01,GW",3
"2019-09-14:01,GY",1
"2019-09-14:01,HK",3
"2019-09-14:01,HM",2
"2019-09-14:01,HN",3
"2019-09-14:01,HT",1
"2019-09-14:01,HU",5
"2019-09-14:01,IE",2
"2019-09-14:01,IL",2
"2019-09-14:01,IN",1
"2019-09-14:01,IO",2
"2019-09-14:01,IQ",4
"2019-09-14:01,IR",3
"2019-09-14:01,IS",1
"2019-09-14:01,IT",1
"2019-09-14:01,JM",3
"2019-09-14:01,JP",2
"2019-09-14:01,KE",2
"2019-09-14:01,KG",1
"2019-09-14:01,KH",2
"2019-09-14:01,KI",2
"2019-09-14:01,KM",2
"2019-09-14:01,KN",3
"2019-09-14:01,KR",3
"2019-09-14:01,KW",4
"2019-09-14:01,KZ",3
"2019-09-14:01,LA",5
"2019-09-14:01,LB",1
"2019-09-14:01,LC",7
"2019-09-14:01,LI",6
"2019-09-14:01,LK",3
"2019-09-14:01,LR",3
"2019-09-14:01,LT",3
"2019-09-14:01,LU",1
"2019-09-14:01,LV",3
"2019-09-14:01,LY",3
"2019-09-14:01,MA",1
"2019-09-14:01,MC",2
"2019-09-14:01,MD",3
"2019-09-14:01,ME",5
"2019-09-14:01,MF",1
"2019-09-14:01,MG",1
"2019-09-14:01,MH",1
"2019-09-14:01,MK",4
"2019-09-14:01,ML",1
"2019-09-14:01,MO",3
"2019-09-14:01,MP",5
"2019-09-14:01,MQ",1
"2019-09-14:01,MR",6
"2019-09-14:01,MS",1
"2019-09-14:01,MU",2
"2019-09-14:01,MV",2
"2019-09-14:01,MW",4
"2019-09-14:01,MX",5
"2019-09-14:01,MY",5
"2019-09-14:01,MZ",3
"2019-09-14:01,NC",3
"2019-09-14:01,NE",3
"2019-09-14:01,NF",3
"2019-09-14:01,NG",3
"2019-09-14:01,NI",1
"2019-09-14:01,NL",3
"2019-09-14:01,NO",2
"2019-09-14:01,NP",1
"2019-09-14:01,NR",2
"2019-09-14:01,NU",5
"2019-09-14:01,NZ",2
"2019-09-14:01,OM",2
"2019-09-14:01,PA",3
"2019-09-14:01,PE",1
"2019-09-14:01,PF",2
"2019-09-14:01,PG",3
"2019-09-14:01,PH",2
"2019-09-14:01,PK",4
"2019-09-14:01,PL",3
"2019-09-14:01,PM",1
"2019-09-14:01,PR",4
"2019-09-14:01,PS",2
"2019-09-14:01,PT",2
"2019-09-14:01,PW",3
"2019-09-14:01,PY",2
"2019-09-14:01,QA",3
"2019-09-14:01,RE",7
"2019-09-14:01,RO",1
"2019-09-14:01,RS",2
"2019-09-14:01,RU",4
"2019-09-14:01,RW",6
"2019-09-14:01,SA",1
"2019-09-14:01,SB",6
"2019-09-14:01,SC",4
"2019-09-14:01,SD",4
"2019-09-14:01,SE",1
"2019-09-14:01,SG",1
"2019-09-14:01,SH",1
"2019-09-14:01,SI",3
"2019-09-14:01,SJ",3
"2019-09-14:01,SK",4
"2019-09-14:01,SM",5
"2019-09-14:01,SN",2
"2019-09-14:01,SO",1
"2019-09-14:01,SR",3
"2019-09-14:01,ST",3
"2019-09-14:01,SV",1
"2019-09-14:01,SX",2
"2019-09-14:01,SY",2
"2019-09-14:01,TC",1
"2019-09-14:01,TD",4
"2019-09-14:01,TF",1
"2019-09-14:01,TG",3
"2019-09-14:01,TH",1
"2019-09-14:01,TJ",2
"2019-09-14:01,TK",3
"2019-09-14:01,TL",2
"2019-09-14:01,TM",2
"2019-09-14:01,TN",2
"2019-09-14:01,TR",2
"2019-09-14:01,TT",1
"2019-09-14:01,TV",1
"2019-09-14:01,TW",1
"2019-09-14:01,TZ",3
"2019-09-14:01,UA",1
"2019-09-14:01,UG",1
"2019-09-14:01,UM",1
"2019-09-14:01,US",1
"2019-09-14:01,UY",1
"2019-09-14:01,UZ",3
"2019-09-14:01,VA",2
"2019-09-14:01,VC",1
"2019-09-14:01,VG",1
"2019-09-14:01,VI",5
"2019-09-14:01,VN",1
"2019-09-14:01,WF",4
"2019-09-14:01,WS",2
"2019-09-14:01,YE",1
"2019-09-14:01,YT",4
"2019-09-14:01,ZA",1
"2019-09-14:01,ZW",1
"2019-09-14:01,nan",6
"2019-09-14:02,AD",3
"2019-09-14:02,AE",3
"2019-09-14:02,AF",1
"2019-09-14:02,AI",2
"2019-09-14:02,AL",4
"2019-09-14:02,AM",4
"2019-09-14:02,AO",2
"2019-09-14:02,AQ",5
"2019-09-14:02,AR",2
"2019-09-14:02,AS",1
"2019-09-14:02,AT",2
"2019-09-14:02,AU",2
"2019-09-14:02,AW",2
"2019-09-14:02,AX",8
"2019-09-14:02,AZ",5
"2019-09-14:02,BA",1
"2019-09-14:02,BB",1
"2019-09-14:02,BD",5
"2019-09-14:02,BF",3
"2019-09-14:02,BG",1
"2019-09-14:02,BH",4
"2019-09-14:02,BI",2
"2019-09-14:02,BJ",2
"2019-09-14:02,BL",3
"2019-09-14:02,BM",3
"2019-09-14:02,BN",2
"2019-09-14:02,BO",3
"2019-09-14:02,BQ",1
"2019-09-14:02,BR",4
"2019-09-14:02,BS",2
"2019-09-14:02,BT",3
"2019-09-14:02,BV",1
"2019-09-14:02,BW",4
"2019-09-14:02,BY",2
"2019-09-14:02,BZ",7
"2019-09-14:02,CA",4
"2019-09-14:02,CC",1
"2019-09-14:02,CD",1
"2019-09-14:02,CF",4
"2019-09-14:02,CG",1
"2019-09-14:02,CH",1
"2019-09-14:02,CI",2
"2019-09-14:02,CK",4
"2019-09-14:02,CL",4
"2019-09-14:02,CM",2
"2019-09-14:02,CN",3
"2019-09-14:02,CO",1
"2019-09-14:02,CR",2
"2019-09-14:02,CU",3
"2019-09-14:02,CV",2
"2019-09-14:02,CW",5
"2019-09-14:02,CY",1
"2019-09-14:02,CZ",3
"2019-09-14:02,DE",2
"2019-09-14:02,DJ",1
"2019-09-14:02,DK",3
"2019-09-14:02,DM",2
"2019-09-14:02,DO",2
"2019-09-14:02,DZ",1
"2019-09-14:02,EE",1
"2019-09-14:02,EG",2
"2019-09-14:02,EH",3
"2019-09-14:02,ER",2
"2019-09-14:02,ES",2
"2019-09-14:02,ET",1
"2019-09-14:02,FI",1
"2019-09-14:02,FJ",3
"2019-09-14:02,FK",2
"2019-09-14:02,FM",1
"2019-09-14:02,FO",3
"2019-09-14:02,FR",2
"2019-09-14:02,GA",2
"2019-09-14:02,GB",2
"2019-09-14:02,GD",1
"2019-09-14:02,GE",6
"2019-09-14:02,GF",3
"2019-09-14:02,GH",1
"2019-09-14:02,GL",1
"2019-09-14:02,GM",3
"2019-09-14:02,GP",2
"2019-09-14:02,GQ",3
"2019-09-14:02,GR",3
"2019-09-14:02,GS",4
"2019-09-14:02,GT",1
"2019-09-14:02,GW",4
"2019-09-14:02,GY",1
"2019-09-14:02,HK",3
"2019-09-14:02,HM",2
"2019-09-14:02,HN",2
"2019-09-14:02,HR",4
"2019-09-14:02,HU",4
"2019-09-14:02,ID",2
"2019-09-14:02,IE",4
"2019-09-14:02,IL",3
"2019-09-14:02,IM",5
"2019-09-14:02,IN",1
"2019-09-14:02,IO",2
"2019-09-14:02,IQ",3
"2019-09-14:02,IR",2
"2019-09-14:02,IS",4
"2019-09-14:02,IT",3
"2019-09-14:02,JE",2
"2019-09-14:02,JM",3
"2019-09-14:02,JO",1
"2019-09-14:02,JP",4
"2019-09-14:02,KE",1
"2019-09-14:02,KG",3
"2019-09-14:02,KH",6
"2019-09-14:02,KI",1
"2019-09-14:02,KM",1
"2019-09-14:02,KN",1
"2019-09-14:02,KP",1
"2019-09-14:02,KR",2
"2019-09-14:02,KW",3
"2019-09-14:02,KY",5
"2019-09-14:02,KZ",1
"2019-09-14:02,LA",1
"2019-09-14:02,LB",1
"2019-09-14:02,LC",2
"2019-09-14:02,LI",4
"2019-09-14:02,LK",3
"2019-09-14:02,LR",1
"2019-09-14:02,LS",3
"2019-09-14:02,LT",4
"2019-09-14:02,LV",4
"2019-09-14:02,LY",3
"2019-09-14:02,MA",5
"2019-09-14:02,MC",3
"2019-09-14:02,MD",2
"2019-09-14:02,ME",5
"2019-09-14:02,MF",5
"2019-09-14:02,MG",1
"2019-09-14:02,MH",2
"2019-09-14:02,MK",1
"2019-09-14:02,ML",3
"2019-09-14:02,MM",2
"2019-09-14:02,MN",3
"2019-09-14:02,MO",2
"2019-09-14:02,MP",2
"2019-09-14:02,MQ",3
"2019-09-14:02,MR",1
"2019-09-14:02,MS",4
"2019-09-14:02,MT",2
"2019-09-14:02,MU",2
"2019-09-14:02,MV",3
"2019-09-14:02,MW",2
"2019-09-14:02,MX",2
"2019-09-14:02,MY",2
"2019-09-14:02,MZ",5
"2019-09-14:02,NC",1
"2019-09-14:02,NE",2
"2019-09-14:02,NF",3
"2019-09-14:02,NI",1
"2019-09-14:02,NO",4
"2019-09-14:02,NP",1
"2019-09-14:02,NR",1
"2019-09-14:02,NZ",1
"2019-09-14:02,OM",2
"2019-09-14:02,PA",3
"2019-09-14:02,PE",2
"2019-09-14:02,PF",1
"2019-09-14:02,PG",1
"2019-09-14:02,PH",3
"2019-09-14:02,PK",3
"2019-09-14:02,PL",3
"2019-09-14:02,PM",4
"2019-09-14:02,PN",4
"2019-09-14:02,PR",4
"2019-09-14:02,PT",3
"2019-09-14:02,PW",1
"2019-09-14:02,PY",2
"2019-09-14:02,QA",1
"2019-09-14:02,RO",2
"2019-09-14:02,RS",2
"2019-09-14:02,RU",1
"2019-09-14:02,RW",1
"2019-09-14:02,SA",2
"2019-09-14:02,SB",2
"2019-09-14:02,SE",2
"2019-09-14:02,SG",2
"2019-09-14:02,SH",1
"2019-09-14:02,SI",1
"2019-09-14:02,SJ",6
"2019-09-14:02,SK",2
"2019-09-14:02,SL",4
"2019-09-14:02,SM",4
"2019-09-14:02,SN",4
"2019-09-14:02,SO",1
"2019-09-14:02,SR",4
"2019-09-14:02,SS",3
"2019-09-14:02,SV",3
"2019-09-14:02,SX",2
"2019-09-14:02,SY",1
"2019-09-14:02,SZ",1
"2019-09-14:02,TC",1
"2019-09-14:02,TD",1
"2019-09-14:02,TF",1
"2019-09-14:02,TG",1
"2019-09-14:02,TH",4
"2019-09-14:02,TJ",2
"2019-09-14:02,TK",2
"2019-09-14:02,TL",1
"2019-09-14:02,TM",2
"2019-09-14:02,TN",1
"2019-09-14:02,TR",3
"2019-09-14:02,TT",1
"2019-09-14:02,TV",2
"2019-09-14:02,TW",1
"2019-09-14:02,TZ",2
"2019-09-14:02,UA",2
"2019-09-14:02,UG",1
"2019-09-14:02,UM",5
"2019-09-14:02,US",2
"2019-09-14:02,UY",1
"2019-09-14:02,UZ",3
"2019-09-14:02,VA",4
"2019-09-14:02,VC",1
"2019-09-14:02,VE",3
"2019-09-14:02,VG",2
"2019-09-14:02,VI",3
"2019-09-14:02,VU",6
"2019-09-14:02,WS",1
"2019-09-14:02,YE",2
"2019-09-14:02,YT",1
"2019-09-14:02,ZA",1
"2019-09-14:02,ZM",5
"2019-09-14:02,ZW",1
"2019-09-14:02,nan",1
"2019-09-14:03,AD",2
"2019-09-14:03,AE",5
"2019-09-14:03,AF",4
"2019-09-14:03,AL",2
"2019-09-14:03,AM",3
"2019-09-14:03,AO",2
"2019-09-14:03,AQ",3
"2019-09-14:03,AR",1
"2019-09-14:03,AS",3
"2019-09-14:03,AT",2
"2019-09-14:03,AU",1
"2019-09-14:03,AW",1
"2019-09-14:03,AX",4
"2019-09-14:03,AZ",3
"2019-09-14:03,BA",3
"2019-09-14:03,BB",2
"2019-09-14:03,BD",2
"2019-09-14:03,BE",4
"2019-09-14:03,BG",2
"2019-09-14:03,BH",1
"2019-09-14:03,BI",1
"2019-09-14:03,BJ",1
"2019-09-14:03,BL",3
"2019-09-14:03,BM",4
"2019-09-14:03,BN",4
"2019-09-14:03,BO",3
"2019-09-14:03,BQ",2
"2019-09-14:03,BR",1
"2019-09-14:03,BS",1
"2019-09-14:03,BT",3
"2019-09-14:03,BV",1
"2019-09-14:03,BY",1
"2019-09-14:03,BZ",4
"2019-09-14:03,CA",1
"2019-09-14:03,CC",1
"2019-09-14:03,CD",5
"2019-09-14:03,CF",3
"2019-09-14:03,CG",2
"2019-09-14:03,CH",1
"2019-09-14:03,CI",3
"2019-09-14:03,CK",3
"2019-09-14:03,CL",5
"2019-09-14:03,CM",2
"2019-09-14:03,CN",1
"2019-09-14:03,CO",3
"2019-09-14:03,CR",2
"2019-09-14:03,CU",2
"2019-09-14:03,CX",6
"2019-09-14:03,CY",2
"2019-09-14:03,DE",2
"2019-09-14:03,DK",3
"2019-09-14:03,DM",2
"2019-09-14:03,DZ",1
"2019-09-14:03,EC",2
"2019-09-14:03,EE",2
"2019-09-14:03,EG",1
"2019-09-14:03,EH",2
"2019-09-14:03,ER",1
"2019-09-14:03,ES",3
"2019-09-14:03,ET",3
"2019-09-14:03,FJ",3
"2019-09-14:03,FK",2
"2019-09-14:03,FM",3
"2019-09-14:03,FO",3
"2019-09-14:03,FR",3
"2019-09-14:03,GA",3
"2019-09-14:03,GB",5
"2019-09-14:03,GE",2
"2019-09-14:03,GF",1
"2019-09-14:03,GG",3
"2019-09-14:03,GH",2
"2019-09-14:03,GI",1
"2019-09-14:03,GL",2
"2019-09-14:03,GM",2
"2019-09-14:03,GN",2
"2019-09-14:03,GP",1
"2019-09-14:03,GQ",3
"2019-09-14:03,GR",5
"2019-09-14:03,GT",2
"2019-09-14:03,GU",2
"2019-09-14:03,GW",3
"2019-09-14:03,GY",1
"2019-09-14:03,HK",4
"2019-09-14:03,HM",2
"2019-09-14:03,HN",3
"2019-09-14:03,HR",2
"2019-09-14:03,HT",3
"2019-09-14:03,HU",4
"2019-09-14:03,ID",2
"2019-09-14:03,IE",2
"2019-09-14:03,IM",1
"2019-09-14:03,IN",1
"2019-09-14:03,IO",6
"2019-09-14:03,IQ",4
"2019-09-14:03,IR",2
"2019-09-14:03,IS",1
"2019-09-14:03,IT",3
"2019-09-14:03,JE",2
"2019-09-14:03,JO",1
"2019-09-14:03,JP",2
"2019-09-14:03,KG",4
"2019-09-14:03,KI",2
"2019-09-14:03,KM",1
"2019-09-14:03,KN",3
"2019-09-14:03,KP",2
"2019-09-14:03,KR",4
"2019-09-14:03,KW",3
"2019-09-14:03,KY",2
"2019-09-14:03,KZ",3
"2019-09-14:03,LB",2
"2019-09-14:03,LC",7
"2019-09-14:03,LI",2
"2019-09-14:03,LK",3
"2019-09-14:03,LR",2
"2019-09-14:03,LS",2
"2019-09-14:03,LT",3
"2019-09-14:03,LU",4
"2019-09-14:03,LV",1
"2019-09-14:03,LY",1
"2019-09-14:03,MC",5
"2019-09-14:03,MD",2
"2019-09-14:03,ME",2
"2019-09-14:03,MF",5
"2019-09-14:03,MG",4
"2019-09-14:03,MH",1
"2019-09-14:03,MK",1
"2019-09-14:03,ML",3
"2019-09-14:03,MN",4
"2019-09-14:03,MO",4
"2019-09-14:03,MP",4
"2019-09-14:03,MQ",5
"2019-09-14:03,MR",4
"2019-09-14:03,MS",2
"2019-09-14:03,MT",2
"2019-09-14:03,MU",1
"2019-09-14:03,MV",3
"2019-09-14:03,MW",2
"2019-09-14:03,MX",3
"2019-09-14:03,MY",1
"2019-09-14:03,MZ",3
"2019-09-14:03,NC",3
"2019-09-14:03,NE",3
"2019-09-14:03,NF",3
"2019-09-14:03,NG",1
"2019-09-14:03,NI",3
"2019-09-14:03,NL",2
"2019-09-14:03,NO",2
"2019-09-14:03,NP",5
"2019-09-14:03,NR",2
"2019-09-14:03,NU",3
"2019-09-14:03,NZ",3
"2019-09-14:03,OM",5
"2019-09-14:03,PA",3
"2019-09-14:03,PE",1
"2019-09-14:03,PF",3
"2019-09-14:03,PH",2
"2019-09-14:03,PK",3
"2019-09-14:03,PL",2
"2019-09-14:03,PM",2
"2019-09-14:03,PN",2
"2019-09-14:03,PR",1
"2019-09-14:03,PS",2
"2019-09-14:03,PT",2
"2019-09-14:03,PW",3
"2019-09-14:03,PY",2
"2019-09-14:03,QA",1
"2019-09-14:03,RO",1
"2019-09-14:03,RS",2
"2019-09-14:03,RU",2
"2019-09-14:03,RW",2
"2019-09-14:03,SA",1
"2019-09-14:03,SB",2
"2019-09-14:03,SC",2
"2019-09-14:03,SD",2
"2019-09-14:03,SE",3
"2019-09-14:03,SG",3
"2019-09-14:03,SI",3
"2019-09-14:03,SJ",4
"2019-09-14:03,SK",3
"2019-09-14:03,SL",3
"2019-09-14:03,SM",3
"2019-09-14:03,SN",3
"2019-09-14:03,SO",1
"2019-09-14:03,SR",1
"2019-09-14:03,SS",4
"2019-09-14:03,ST",2
"2019-09-14:03,SV",1
"2019-09-14:03,SX",4
"2019-09-14:03,SY",3
"2019-09-14:03,SZ",3
"2019-09-14:03,TC",1
"2019-09-14:03,TD",2
"2019-09-14:03,TF",4
"2019-09-14:03,TH",4
"2019-09-14:03,TJ",4
"2019-09-14:03,TK",4
"2019-09-14:03,TL",3
"2019-09-14:03,TM",1
"2019-09-14:03,TN",3
"2019-09-14:03,TO",1
"2019-09-14:03,TV",1
"2019-09-14:03,TW",2
"2019-09-14:03,UA",2
"2019-09-14:03,UG",7
"2019-09-14:03,UM",1
"2019-09-14:03,US",2
"2019-09-14:03,VA",3
"2019-09-14:03,VC",2
"2019-09-14:03,VE",2
"2019-09-14:03,VG",4
"2019-09-14:03,VI",3
"2019-09-14:03,VN",3
"2019-09-14:03,VU",1
"2019-09-14:03,WF",1
"2019-09-14:03,WS",1
"2019-09-14:03,YE",3
"2019-09-14:03,YT",3
"2019-09-14:03,ZA",3
"2019-09-14:03,ZM",2
"2019-09-14:03,ZW",2
"2019-09-14:03,nan",2
"2019-09-14:04,AD",2
"2019-09-14:04,AE",2
"2019-09-14:04,AF",4
"2019-09-14:04,AG",1
"2019-09-14:04,AI",1
"2019-09-14:04,AL",2
"2019-09-14:04,AO",4
"2019-09-14:04,AQ",3
"2019-09-14:04,AS",2
"2019-09-14:04,AT",2
"2019-09-14:04,AU",1
"2019-09-14:04,AW",2
"2019-09-14:04,AZ",2
"2019-09-14:04,BB",3
"2019-09-14:04,BD",4
"2019-09-14:04,BE",1
"2019-09-14:04,BF",2
"2019-09-14:04,BG",3
"2019-09-14:04,BH",1
"2019-09-14:04,BI",2
"2019-09-14:04,BJ",2
"2019-09-14:04,BL",4
"2019-09-14:04,BM",1
"2019-09-14:04,BO",2
"2019-09-14:04,BQ",4
"2019-09-14:04,BR",1
"2019-09-14:04,BT",2
"2019-09-14:04,BW",1
"2019-09-14:04,BY",4
"2019-09-14:04,BZ",4
"2019-09-14:04,CA",1
"2019-09-14:04,CC",2
"2019-09-14:04,CD",1
"2019-09-14:04,CF",2
"2019-09-14:04,CH",2
"2019-09-14:04,CI",1
"2019-09-14:04,CK",1
"2019-09-14:04,CL",3
"2019-09-14:04,CM",1
"2019-09-14:04,CN",4
"2019-09-14:04,CO",5
"2019-09-14:04,CR",3
"2019-09-14:04,CU",2
"2019-09-14:04,CV",2
"2019-09-14:04,CW",1
"2019-09-14:04,CY",2
"2019-09-14:04,CZ",3
"2019-09-14:04,DE",1
"2019-09-14:04,DJ",3
"2019-09-14:04,DK",3
"2019-09-14:04,DM",1
"2019-09-14:04,DO",2
"2019-09-14:04,DZ",5
"2019-09-14:04,EC",3
"2019-09-14:04,EE",2
"2019-09-14:04,EG",3
"2019-09-14:04,EH",3
"2019-09-14:04,ER",4
"2019-09-14:04,ES",1
"2019-09-14:04,ET",5
"2019-09-14:04,FI",1
"2019-09-14:04,FJ",3
"2019-09-14:04,FK",5
"2019-09-14:04,FM",2
"2019-09-14:04,FO",2
"2019-09-14:04,FR",4
"2019-09-14:04,GA",1
"2019-09-14:04,GD",2
"2019-09-14:04,GE",2
"2019-09-14:04,GF",4
"2019-09-14:04,GG",2
"2019-09-14:04,GH",4
"2019-09-14:04,GI",2
"2019-09-14:04,GM",5
"2019-09-14:04,GN",3
"2019-09-14:04,GP",5
"2019-09-14:04,GQ",6
"2019-09-14:04,GR",2
"2019-09-14:04,GS",3
"2019-09-14:04,GT",2
"2019-09-14:04,GU",2
"2019-09-14:04,GY",5
"2019-09-14:04,HK",3
"2019-09-14:04,HM",1
"2019-09-14:04,HN",1
"2019-09-14:04,HR",5
"2019-09-14:04,HT",4
"2019-09-14:04,IE",2
"2019-09-14:04,IM",5
"2019-09-14:04,IN",3
"2019-09-14:04,IO",5
"2019-09-14:04,IQ",2
"2019-09-14:04,IR",2
"2019-09-14:04,IS",5
"2019-09-14:04,IT",4
"2019-09-14:04,JE",2
"2019-09-14:04,JM",2
"2019-09-14:04,JO",2
"2019-09-14:04,JP",2
"2019-09-14:04,KE",2
"2019-09-14:04,KG",3
"2019-09-14:04,KH",2
"2019-09-14:04,KI",2
"2019-09-14:04,KM",2
"2019-09-14:04,KN",3
"2019-09-14:04,KP",1
"2019-09-14:04,KW",5
"2019-09-14:04,KY",2
"2019-09-14:04,KZ",5
"2019-09-14:04,LA",1
"2019-09-14:04,LB",5
"2019-09-14:04,LC",2
"2019-09-14:04,LK",5
"2019-09-14:04,LR",1
"2019-09-14:04,LT",2
"2019-09-14:04,LU",1
"2019-09-14:04,LV",4
"2019-09-14:04,LY",4
"2019-09-14:04,MA",1
"2019-09-14:04,MC",3
"2019-09-14:04,MD",2
"2019-09-14:04,ME",1
"2019-09-14:04,MF",6
"2019-09-14:04,MG",4
"2019-09-14:04,MH",2
"2019-09-14:04,MK",1
"2019-09-14:04,ML",3
"2019-09-14:04,MM",6
"2019-09-14:04,MN",2
"2019-09-14:04,MO",3
"2019-09-14:04,MP",2
"2019-09-14:04,MQ",5
"2019-09-14:04,MR",1
"2019-09-14:04,MS",3
"2019-09-14:04,MT",2
"2019-09-14:04,MU",1
"2019-09-14:04,MV",3
"2019-09-14:04,MW",2
"2019-09-14:04,MX",2
"2019-09-14:04,MY",2
"2019-09-14:04,MZ",2
"2019-09-14:04,NC",1
"2019-09-14:04,NE",3
"2019-09-14:04,NG",2
"2019-09-14:04,NI",1
"2019-09-14:04,NL",4
"2019-09-14:04,NO",2
"2019-09-14:04,NP",6
"2019-09-14:04,NR",1
"2019-09-14:04,NU",3
"2019-09-14:04,NZ",1
"2019-09-14:04,OM",3
"2019-09-14:04,PA",3
"2019-09-14:04,PE",1
"2019-09-14:04,PF",2
"2019-09-14:04,PG",1
"2019-09-14:04,PH",2
"2019-09-14:04,PK",2
"2019-09-14:04,PL",2
"2019-09-14:04,PM",2
"2019-09-14:04,PN",1
"2019-09-14:04,PR",1
"2019-09-14:04,PT",2
"2019-09-14:04,PW",1
"2019-09-14:04,PY",5
"2019-09-14:04,QA",2
"2019-09-14:04,RE",3
"2019-09-14:04,RO",2
"2019-09-14:04,RS",5
"2019-09-14:04,RU",1
"2019-09-14:04,RW",2
"2019-09-14:04,SA",5
"2019-09-14:04,SB",4
"2019-09-14:04,SC",1
"2019-09-14:04,SD",3
"2019-09-14:04,SE",1
"2019-09-14:04,SG",2
"2019-09-14:04,SH",1
"2019-09-14:04,SI",2
"2019-09-14:04,SJ",4
"2019-09-14:04,SK",3
"2019-09-14:04,SM",3
"2019-09-14:04,SN",4
"2019-09-14:04,SO",3
"2019-09-14:04,SS",2
"2019-09-14:04,ST",2
"2019-09-14:04,SV",3
"2019-09-14:04,SY",1
"2019-09-14:04,SZ",3
"2019-09-14:04,TC",7
"2019-09-14:04,TG",2
"2019-09-14:04,TH",2
"2019-09-14:04,TJ",2
"2019-09-14:04,TK",4
"2019-09-14:04,TL",2
"2019-09-14:04,TM",1
"2019-09-14:04,TN",1
"2019-09-14:04,TO",2
"2019-09-14:04,TR",5
"2019-09-14:04,TT",1
"2019-09-14:04,TV",1
"2019-09-14:04,TZ",2
"2019-09-14:04,UA",1
"2019-09-14:04,UG",3
"2019-09-14:04,UM",1
"2019-09-14:04,US",1
"2019-09-14:04,UY",5
"2019-09-14:04,UZ",1
"2019-09-14:04,VC",1
"2019-09-14:04,VE",3
"2019-09-14:04,VG",2
"2019-09-14:04,VI",3
"2019-09-14:04,VN",2
"2019-09-14:04,VU",3
"2019-09-14:04,WS",3
"2019-09-14:04,YE",1
"2019-09-14:04,YT",1
"2019-09-14:04,ZA",5
"2019-09-14:04,ZW",2
"2019-09-14:04,nan",1
"2019-09-14:05,AD",2
"2019-09-14:05,AE",1
"2019-09-14:05,AG",2
"2019-09-14:05,AI",4
"2019-09-14:05,AL",3
"2019-09-14:05,AM",3
"2019-09-14:05,AO",1
"2019-09-14:05,AR",2
"2019-09-14:05,AS",4
"2019-09-14:05,AT",1
"2019-09-14:05,AU",3
"2019-09-14:05,AW",2
"2019-09-14:05,AX",7
"2019-09-14:05,AZ",7
"2019-09-14:05,BA",1
"2019-09-14:05,BB",4
"2019-09-14:05,BD",1
"2019-09-14:05,BE",2
"2019-09-14:05,BH",3
"2019-09-14:05,BI",4
"2019-09-14:05,BJ",3
"2019-09-14:05,BL",1
"2019-09-14:05,BM",3
"2019-09-14:05,BN",3
"2019-09-14:05,BO",2
"2019-09-14:05,BQ",1
"2019-09-14:05,BR",3
"2019-09-14:05,BS",1
"2019-09-14:05,BT",1
"2019-09-14:05,BV",6
"2019-09-14:05,BW",4
"2019-09-14:05,BY",1
"2019-09-14:05,BZ",1
"2019-09-14:05,CA",2
"2019-09-14:05,CC",2
"2019-09-14:05,CD",3
"2019-09-14:05,CF",3
"2019-09-14:05,CG",1
"2019-09-14:05,CI",3
"2019-09-14:05,CK",2
"2019-09-14:05,CL",2
"2019-09-14:05,CM",3
"2019-09-14:05,CN",4
"2019-09-14:05,CO",1
"2019-09-14:05,CR",1
"2019-09-14:05,CU",1
"2019-09-14:05,CV",4
"2019-09-14:05,CW",4
"2019-09-14:05,CX",3
"2019-09-14:05,CY",3
"2019-09-14:05,CZ",2
"2019-09-14:05,DE",3
"2019-09-14:05,DJ",1
"2019-09-14:05,DK",1
"2019-09-14:05,DM",1
"2019-09-14:05,DO",4
"2019-09-14:05,DZ",2
"2019-09-14:05,EE",2
"2019-09-14:05,EG",2
"2019-09-14:05,EH",5
"2019-09-14:05,ER",7
"2019-09-14:05,ET",2
"2019-09-14:05,FI",1
"2019-09-14:05,FJ",5
"2019-09-14:05,FK",5
"2019-09-14:05,FM",3
"2019-09-14:05,FO",2
"2019-09-14:05,FR",2
"2019-09-14:05,GA",1
"2019-09-14:05,GB",6
"2019-09-14:05,GD",3
"2019-09-14:05,GE",2
"2019-09-14:05,GF",2
"2019-09-14:05,GG",2
"2019-09-14:05,GH",1
"2019-09-14:05,GI",3
"2019-09-14:05,GL",1
"2019-09-14:05,GM",1
"2019-09-14:05,GP",2
"2019-09-14:05,GQ",2
"2019-09-14:05,GR",2
"2019-09-14:05,GT",5
"2019-09-14:05,GU",6
"2019-09-14:05,GW",4
"2019-09-14:05,GY",4
"2019-09-14:05,HM",1
"2019-09-14:05,HN",5
"2019-09-14:05,HR",3
"2019-09-14:05,HU",4
"2019-09-14:05,ID",2
"2019-09-14:05,IE",1
"2019-09-14:05,IL",3
"2019-09-14:05,IM",4
"2019-09-14:05,IQ",3
"2019-09-14:05,IR",2
"2019-09-14:05,IS",2
"2019-09-14:05,IT",4
"2019-09-14:05,JE",1
"2019-09-14:05,JM",1
"2019-09-14:05,JO",2
"2019-09-14:05,JP",3
"2019-09-14:05,KG",3
"2019-09-14:05,KH",4
"2019-09-14:05,KI",4
"2019-09-14:05,KM",2
"2019-09-14:05,KP",2
"2019-09-14:05,KR",1
"2019-09-14:05,KW",4
"2019-09-14:05,KZ",5
"2019-09-14:05,LA",1
"2019-09-14:05,LC",1
"2019-09-14:05,LI",1
"2019-09-14:05,LK",4
"2019-09-14:05,LS",4
"2019-09-14:05,LT",3
"2019-09-14:05,LY",1
"2019-09-14:05,MA",4
"2019-09-14:05,MC",2
"2019-09-14:05,MD",3
"2019-09-14:05,ME",4
"2019-09-14:05,MF",2
"2019-09-14:05,MK",3
"2019-09-14:05,ML",3
"2019-09-14:05,MM",1
"2019-09-14:05,MN",2
"2019-09-14:05,MO",2
"2019-09-14:05,MP",2
"2019-09-14:05,MQ",5
"2019-09-14:05,MR",2
"2019-09-14:05,MS",2
"2019-09-14:05,MT",3
"2019-09-14:05,MU",1
"2019-09-14:05,MV",2
"2019-09-14:05,MW",3
"2019-09-14:05,MY",4
"2019-09-14:05,MZ",2
"2019-09-14:05,NC",1
"2019-09-14:05,NE",3
"2019-09-14:05,NF",2
"2019-09-14:05,NG",1
"2019-09-14:05,NI",1
"2019-09-14:05,NL",2
"2019-09-14:05,NO",2
"2019-09-14:05,NR",4
"2019-09-14:05,NU",1
"2019-09-14:05,NZ",1
"2019-09-14:05,OM",3
"2019-09-14:05,PA",1
"2019-09-14:05,PE",3
"2019-09-14:05,PF",2
"2019-09-14:05,PG",5
"2019-09-14:05,PH",2
"2019-09-14:05,PK",2
"2019-09-14:05,PL",1
"2019-09-14:05,PM",1
"2019-09-14:05,PN",2
"2019-09-14:05,PR",2
"2019-09-14:05,PS",2
"2019-09-14:05,PT",6
"2019-09-14:05,PW",4
"2019-09-14:05,PY",2
"2019-09-14:05,QA",1
"2019-09-14:05,RO",3
"2019-09-14:05,RS",2
"2019-09-14:05,RU",1
"2019-09-14:05,RW",1
"2019-09-14:05,SA",4
"2019-09-14:05,SB",3
"2019-09-14:05,SC",2
"2019-09-14:05,SD",1
"2019-09-14:05,SE",1
"2019-09-14:05,SG",1
"2019-09-14:05,SH",5
"2019-09-14:05,SI",3
"2019-09-14:05,SJ",2
"2019-09-14:05,SK",4
"2019-09-14:05,SL",1
"2019-09-14:05,SM",5
"2019-09-14:05,SN",6
"2019-09-14:05,SO",1
"2019-09-14:05,SR",3
"2019-09-14:05,SS",1
"2019-09-14:05,ST",4
"2019-09-14:05,SX",1
"2019-09-14:05,SY",1
"2019-09-14:05,SZ",1
"2019-09-14:05,TC",2
"2019-09-14:05,TD",1
"2019-09-14:05,TF",2
"2019-09-14:05,TG",4
"2019-09-14:05,TH",2
"2019-09-14:05,TJ",2
"2019-09-14:05,TK",2
"2019-09-14:05,TL",2
"2019-09-14:05,TM",1
"2019-09-14:05,TN",1
"2019-09-14:05,TR",1
"2019-09-14:05,TT",4
"2019-09-14:05,TV",2
"2019-09-14:05,TW",4
"2019-09-14:05,TZ",3
"2019-09-14:05,UA",2
"2019-09-14:05,UG",3
"2019-09-14:05,UM",2
"2019-09-14:05,US",3
"2019-09-14:05,UY",2
"2019-09-14:05,UZ",1
"2019-09-14:05,VA",2
"2019-09-14:05,VC",5
"2019-09-14:05,VE",1
"2019-09-14:05,VG",5
"2019-09-14:05,VI",1
"2019-09-14:05,VN",4
"2019-09-14:05,WF",1
"2019-09-14:05,WS",2
"2019-09-14:05,YT",2
"2019-09-14:05,ZM",1
"2019-09-14:05,ZW",2
"2019-09-14:05,nan",4
"2019-09-14:06,AD",2
"2019-09-14:06,AE",2
"2019-09-14:06,AF",1
"2019-09-14:06,AG",1
"2019-09-14:06,AI",2
"2019-09-14:06,AL",1
"2019-09-14:06,AM",1
"2019-09-14:06,AQ",1
"2019-09-14:06,AR",3
"2019-09-14:06,AS",3
"2019-09-14:06,AT",7
"2019-09-14:06,AU",2
"2019-09-14:06,AW",1
"2019-09-14:06,AX",2
"2019-09-14:06,AZ",3
"2019-09-14:06,BA",1
"2019-09-14:06,BB",3
"2019-09-14:06,BD",3
"2019-09-14:06,BE",3
"2019-09-14:06,BF",2
"2019-09-14:06,BG",2
"2019-09-14:06,BH",4
"2019-09-14:06,BI",1
"2019-09-14:06,BJ",3
"2019-09-14:06,BM",2
"2019-09-14:06,BN",2
"2019-09-14:06,BO",2
"2019-09-14:06,BQ",3
"2019-09-14:06,BR",1
"2019-09-14:06,BS",2
"2019-09-14:06,BT",1
"2019-09-14:06,BV",1
"2019-09-14:06,BW",4
"2019-09-14:06,BY",2
"2019-09-14:06,CA",2
"2019-09-14:06,CC",1
"2019-09-14:06,CD",3
"2019-09-14:06,CF",1
"2019-09-14:06,CG",2
"2019-09-14:06,CH",4
"2019-09-14:06,CI",1
"2019-09-14:06,CK",1
"2019-09-14:06,CL",1
"2019-09-14:06,CM",2
"2019-09-14:06,CR",1
"2019-09-14:06,CU",2
"2019-09-14:06,CW",1
"2019-09-14:06,CX",3
"2019-09-14:06,CY",3
"2019-09-14:06,CZ",4
"2019-09-14:06,DE",1
"2019-09-14:06,DJ",2
"2019-09-14:06,DK",6
"2019-09-14:06,DM",1
"2019-09-14:06,DO",4
"2019-09-14:06,DZ",4
"2019-09-14:06,EC",4
"2019-09-14:06,EE",1
"2019-09-14:06,EG",4
"2019-09-14:06,ER",5
"2019-09-14:06,ES",1
"2019-09-14:06,ET",3
"2019-09-14:06,FI",1
"2019-09-14:06,FJ",3
"2019-09-14:06,FK",4
"2019-09-14:06,FM",3
"2019-09-14:06,FO",2
"2019-09-14:06,FR",3
"2019-09-14:06,GA",1
"2019-09-14:06,GB",3
"2019-09-14:06,GD",2
"2019-09-14:06,GE",2
"2019-09-14:06,GH",4
"2019-09-14:06,GL",3
"2019-09-14:06,GM",3
"2019-09-14:06,GN",1
"2019-09-14:06,GP",2
"2019-09-14:06,GQ",4
"2019-09-14:06,GR",1
"2019-09-14:06,GS",3
"2019-09-14:06,GT",4
"2019-09-14:06,GY",2
"2019-09-14:06,HK",2
"2019-09-14:06,HN",6
"2019-09-14:06,HR",1
"2019-09-14:06,HT",1
"2019-09-14:06,HU",3
"2019-09-14:06,ID",3
"2019-09-14:06,IE",6
"2019-09-14:06,IL",2
"2019-09-14:06,IM",4
"2019-09-14:06,IN",3
"2019-09-14:06,IO",1
"2019-09-14:06,IQ",2
"2019-09-14:06,IR",1
"2019-09-14:06,IS",4
"2019-09-14:06,IT",3
"2019-09-14:06,JE",2
"2019-09-14:06,JO",3
"2019-09-14:06,JP",2
"2019-09-14:06,KE",5
"2019-09-14:06,KG",3
"2019-09-14:06,KH",2
"2019-09-14:06,KI",2
"2019-09-14:06,KM",2
"2019-09-14:06,KP",2
"2019-09-14:06,KR",1
"2019-09-14:06,KY",5
"2019-09-14:06,LA",1
"2019-09-14:06,LB",3
"2019-09-14:06,LC",5
"2019-09-14:06,LI",2
"2019-09-14:06,LK",3
"2019-09-14:06,LR",1
"2019-09-14:06,LT",1
"2019-09-14:06,LU",4
"2019-09-14:06,LV",3
"2019-09-14:06,MA",3
"2019-09-14:06,MC",7
"2019-09-14:06,MD",3
"2019-09-14:06,ME",4
"2019-09-14:06,MF",2
"2019-09-14:06,MG",3
"2019-09-14:06,MH",3
"2019-09-14:06,MK",3
"2019-09-14:06,ML",3
"2019-09-14:06,MM",1
"2019-09-14:06,MN",3
"2019-09-14:06,MQ",3
"2019-09-14:06,MR",3
"2019-09-14:06,MS",1
"2019-09-14:06,MT",1
"2019-09-14:06,MU",3
"2019-09-14:06,MV",2
"2019-09-14:06,MW",3
"2019-09-14:06,MX",3
"2019-09-14:06,MY",2
"2019-09-14:06,MZ",5
"2019-09-14:06,NC",2
"2019-09-14:06,NE",1
"2019-09-14:06,NF",3
"2019-09-14:06,NG",3
"2019-09-14:06,NI",2
"2019-09-14:06,NL",2
"2019-09-14:06,NP",4
"2019-09-14:06,NR",3
"2019-09-14:06,NU",4
"2019-09-14:06,NZ",2
"2019-09-14:06,PE",1
"2019-09-14:06,PF",3
"2019-09-14:06,PG",2
"2019-09-14:06,PH",2
"2019-09-14:06,PK",2
"2019-09-14:06,PL",2
"2019-09-14:06,PM",2
"2019-09-14:06,PN",1
"2019-09-14:06,PR",2
"2019-09-14:06,PT",1
"2019-09-14:06,PY",2
"2019-09-14:06,QA",4
"2019-09-14:06,RE",3
"2019-09-14:06,RO",5
"2019-09-14:06,RS",4
"2019-09-14:06,RU",1
"2019-09-14:06,RW",4
"2019-09-14:06,SA",3
"2019-09-14:06,SB",1
"2019-09-14:06,SC",3
"2019-09-14:06,SD",3
"2019-09-14:06,SE",3
"2019-09-14:06,SG",2
"2019-09-14:06,SH",1
"2019-09-14:06,SI",4
"2019-09-14:06,SJ",1
"2019-09-14:06,SK",1
"2019-09-14:06,SL",4
"2019-09-14:06,SM",3
"2019-09-14:06,SN",3
"2019-09-14:06,SO",2
"2019-09-14:06,SR",3
"2019-09-14:06,SS",3
"2019-09-14:06,ST",4
"2019-09-14:06,SV",7
"2019-09-14:06,SX",3
"2019-09-14:06,SY",3
"2019-09-14:06,SZ",4
"2019-09-14:06,TC",1
"2019-09-14:06,TD",4
"2019-09-14:06,TH",5
"2019-09-14:06,TJ",5
"2019-09-14:06,TK",2
"2019-09-14:06,TL",2
"2019-09-14:06,TM",4
"2019-09-14:06,TN",2
"2019-09-14:06,TO",2
"2019-09-14:06,TR",3
"2019-09-14:06,TT",3
"2019-09-14:06,TV",2
"2019-09-14:06,TW",3
"2019-09-14:06,TZ",3
"2019-09-14:06,UA",1
"2019-09-14:06,UG",2
"2019-09-14:06,UM",2
"2019-09-14:06,US",4
"2019-09-14:06,UY",1
"2019-09-14:06,UZ",2
"2019-09-14:06,VA",1
"2019-09-14:06,VC",2
"2019-09-14:06,VE",2
"2019-09-14:06,VG",3
"2019-09-14:06,VI",4
"2019-09-14:06,VN",4
"2019-09-14:06,VU",1
"2019-09-14:06,YE",1
"2019-09-14:06,YT",1
"2019-09-14:06,ZA",2
"2019-09-14:06,ZM",1
"2019-09-14:06,ZW",2
"2019-09-14:06,nan",2
"2019-09-14:07,AD",2
"2019-09-14:07,AE",1
"2019-09-14:07,AF",2
"2019-09-14:07,AG",1
"2019-09-14:07,AI",3
"2019-09-14:07,AL",5
"2019-09-14:07,AM",2
"2019-09-14:07,AO",2
"2019-09-14:07,AR",1
"2019-09-14:07,AS",2
"2019-09-14:07,AT",4
"2019-09-14:07,AU",3
"2019-09-14:07,AW",1
"2019-09-14:07,AX",3
"2019-09-14:07,AZ",1
"2019-09-14:07,BA",2
"2019-09-14:07,BB",4
"2019-09-14:07,BD",2
"2019-09-14:07,BE",7
"2019-09-14:07,BF",4
"2019-09-14:07,BG",4
"2019-09-14:07,BH",1
"2019-09-14:07,BI",1
"2019-09-14:07,BL",2
"2019-09-14:07,BM",6
"2019-09-14:07,BN",2
"2019-09-14:07,BO",1
"2019-09-14:07,BQ",4
"2019-09-14:07,BR",1
"2019-09-14:07,BW",5
"2019-09-14:07,BZ",2
"2019-09-14:07,CA",1
"2019-09-14:07,CC",2
"2019-09-14:07,CD",1
"2019-09-14:07,CF",3
"2019-09-14:07,CG",2
"2019-09-14:07,CH",1
"2019-09-14:07,CI",3
"2019-09-14:07,CK",1
"2019-09-14:07,CL",3
"2019-09-14:07,CM",2
"2019-09-14:07,CN",2
"2019-09-14:07,CR",1
"2019-09-14:07,CU",3
"2019-09-14:07,CV",2
"2019-09-14:07,CW",1
"2019-09-14:07,CX",1
"2019-09-14:07,CY",1
"2019-09-14:07,CZ",2
"2019-09-14:07,DE",6
"2019-09-14:07,DJ",5
"2019-09-14:07,DK",3
"2019-09-14:07,DO",1
"2019-09-14:07,DZ",3
"2019-09-14:07,EC",1
"2019-09-14:07,EE",4
"2019-09-14:07,EG",3
"2019-09-14:07,EH",5
"2019-09-14:07,ER",1
"2019-09-14:07,ES",4
"2019-09-14:07,ET",3
"2019-09-14:07,FI",3
"2019-09-14:07,FJ",3
"2019-09-14:07,FK",4
"2019-09-14:07,FM",2
"2019-09-14:07,FO",3
"2019-09-14:07,FR",2
"2019-09-14:07,GA",1
"2019-09-14:07,GB",1
"2019-09-14:07,GD",1
"2019-09-14:07,GE",1
"2019-09-14:07,GF",2
"2019-09-14:07,GG",6
"2019-09-14:07,GH",4
"2019-09-14:07,GI",2
"2019-09-14:07,GM",3
"2019-09-14:07,GN",4
"2019-09-14:07,GP",2
"2019-09-14:07,GQ",4
"2019-09-14:07,GR",2
"2019-09-14:07,GS",3
"2019-09-14:07,GT",1
"2019-09-14:07,GU",4
"2019-09-14:07,GY",2
"2019-09-14:07,HK",1
"2019-09-14:07,HM",3
"2019-09-14:07,HN",2
"2019-09-14:07,HR",3
"2019-09-14:07,HU",1
"2019-09-14:07,ID",2
"2019-09-14:07,IE",1
"2019-09-14:07,IL",1
"2019-09-14:07,IO",1
"2019-09-14:07,IQ",1
"2019-09-14:07,IR",3
"2019-09-14:07,IS",2
"2019-09-14:07,IT",1
"2019-09-14:07,JE",1
"2019-09-14:07,JO",1
"2019-09-14:07,JP",2
"2019-09-14:07,KE",2
"2019-09-14:07,KG",1
"2019-09-14:07,KH",2
"2019-09-14:07,KI",4
"2019-09-14:07,KM",3
"2019-09-14:07,KN",4
"2019-09-14:07,KP",3
"2019-09-14:07,KR",1
"2019-09-14:07,KW",1
"2019-09-14:07,KZ",1
"2019-09-14:07,LA",2
"2019-09-14:07,LB",3
"2019-09-14:07,LC",2
"2019-09-14:07,LI",1
"2019-09-14:07,LK",1
"2019-09-14:07,LR",2
"2019-09-14:07,LS",2
"2019-09-14:07,LT",1
"2019-09-14:07,LU",3
"2019-09-14:07,LV",6
"2019-09-14:07,LY",3
"2019-09-14:07,MA",3
"2019-09-14:07,MC",2
"2019-09-14:07,ME",1
"2019-09-14:07,MF",1
"2019-09-14:07,MG",1
"2019-09-14:07,MH",1
"2019-09-14:07,MK",4
"2019-09-14:07,ML",1
"2019-09-14:07,MM",5
"2019-09-14:07,MN",1
"2019-09-14:07,MO",3
"2019-09-14:07,MQ",1
"2019-09-14:07,MR",6
"2019-09-14:07,MS",1
"2019-09-14:07,MT",1
"2019-09-14:07,MU",2
"2019-09-14:07,MV",2
"2019-09-14:07,MW",1
"2019-09-14:07,MX",3
"2019-09-14:07,MY",3
"2019-09-14:07,MZ",4
"2019-09-14:07,NC",3
"2019-09-14:07,NE",4
"2019-09-14:07,NF",2
"2019-09-14:07,NG",3
"2019-09-14:07,NI",3
"2019-09-14:07,NP",2
"2019-09-14:07,NR",3
"2019-09-14:07,NU",4
"2019-09-14:07,NZ",4
"2019-09-14:07,OM",3
"2019-09-14:07,PA",4
"2019-09-14:07,PE",3
"2019-09-14:07,PF",3
"2019-09-14:07,PG",8
"2019-09-14:07,PH",7
"2019-09-14:07,PK",3
"2019-09-14:07,PM",1
"2019-09-14:07,PN",5
"2019-09-14:07,PR",3
"2019-09-14:07,PS",2
"2019-09-14:07,PT",3
"2019-09-14:07,PW",2
"2019-09-14:07,PY",4
"2019-09-14:07,QA",2
"2019-09-14:07,RE",1
"2019-09-14:07,RO",4
"2019-09-14:07,RS",1
"2019-09-14:07,SB",2
"2019-09-14:07,SD",3
"2019-09-14:07,SE",2
"2019-09-14:07,SG",2
"2019-09-14:07,SH",6
"2019-09-14:07,SI",4
"2019-09-14:07,SJ",3
"2019-09-14:07,SK",1
"2019-09-14:07,SL",3
"2019-09-14:07,SM",3
"2019-09-14:07,SN",3
"2019-09-14:07,SO",2
"2019-09-14:07,SR",1
"2019-09-14:07,SS",3
"2019-09-14:07,ST",1
"2019-09-14:07,SV",2
"2019-09-14:07,SX",4
"2019-09-14:07,SY",2
"2019-09-14:07,SZ",5
"2019-09-14:07,TD",3
"2019-09-14:07,TF",5
"2019-09-14:07,TG",2
"2019-09-14:07,TH",3
"2019-09-14:07,TK",2
"2019-09-14:07,TL",3
"2019-09-14:07,TM",2
"2019-09-14:07,TN",1
"2019-09-14:07,TO",3
"2019-09-14:07,TR",2
"2019-09-14:07,TT",1
"2019-09-14:07,TV",4
"2019-09-14:07,TW",4
"2019-09-14:07,TZ",1
"2019-09-14:07,UA",3
"2019-09-14:07,UG",3
"2019-09-14:07,US",3
"2019-09-14:07,UY",4
"2019-09-14:07,VA",5
"2019-09-14:07,VC",1
"2019-09-14:07,VE",1
"2019-09-14:07,VG",2
"2019-09-14:07,VI",3
"2019-09-14:07,VN",6
"2019-09-14:07,VU",3
"2019-09-14:07,WF",3
"2019-09-14:07,WS",2
"2019-09-14:07,YE",2
"2019-09-14:07,ZA",3
"2019-09-14:07,ZM",1
"2019-09-14:07,ZW",2
"2019-09-14:07,nan",1
"2019-09-14:08,AD",2
"2019-09-14:08,AE",1
"2019-09-14:08,AF",4
"2019-09-14:08,AG",4
"2019-09-14:08,AI",3
"2019-09-14:08,AL",3
"2019-09-14:08,AM",2
"2019-09-14:08,AQ",1
"2019-09-14:08,AR",2
"2019-09-14:08,AS",1
"2019-09-14:08,AT",3
"2019-09-14:08,AU",4
"2019-09-14:08,AW",2
"2019-09-14:08,AZ",1
"2019-09-14:08,BA",3
"2019-09-14:08,BB",4
"2019-09-14:08,BD",3
"2019-09-14:08,BE",2
"2019-09-14:08,BG",1
"2019-09-14:08,BH",1
"2019-09-14:08,BI",1
"2019-09-14:08,BJ",1
"2019-09-14:08,BL",2
"2019-09-14:08,BM",2
"2019-09-14:08,BN",2
"2019-09-14:08,BO",3
"2019-09-14:08,BQ",4
"2019-09-14:08,BR",1
"2019-09-14:08,BS",2
"2019-09-14:08,BT",2
"2019-09-14:08,BW",4
"2019-09-14:08,BY",1
"2019-09-14:08,CA",1
"2019-09-14:08,CC",1
"2019-09-14:08,CF",4
"2019-09-14:08,CG",5
"2019-09-14:08,CH",3
"2019-09-14:08,CI",4
"2019-09-14:08,CK",3
"2019-09-14:08,CL",3
"2019-09-14:08,CM",1
"2019-09-14:08,CN",2
"2019-09-14:08,CO",2
"2019-09-14:08,CR",4
"2019-09-14:08,CU",1
"2019-09-14:08,CV",2
"2019-09-14:08,CW",4
"2019-09-14:08,CX",1
"2019-09-14:08,CY",1
"2019-09-14:08,CZ",2
"2019-09-14:08,DE",1
"2019-09-14:08,DJ",3
"2019-09-14:08,DK",2
"2019-09-14:08,DM",3
"2019-09-14:08,DO",1
"2019-09-14:08,DZ",2
"2019-09-14:08,EC",2
"2019-09-14:08,EE",4
"2019-09-14:08,EG",3
"2019-09-14:08,EH",1
"2019-09-14:08,ER",1
"2019-09-14:08,ES",2
"2019-09-14:08,ET",5
"2019-09-14:08,FI",2
"2019-09-14:08,FJ",3
"2019-09-14:08,FM",1
"2019-09-14:08,FO",2
"2019-09-14:08,FR",3
"2019-09-14:08,GA",1
"2019-09-14:08,GB",3
"2019-09-14:08,GD",2
"2019-09-14:08,GE",2
"2019-09-14:08,GF",1
"2019-09-14:08,GG",1
"2019-09-14:08,GH",2
"2019-09-14:08,GI",2
"2019-09-14:08,GL",1
"2019-09-14:08,GM",4
"2019-09-14:08,GN",6
"2019-09-14:08,GP",1
"2019-09-14:08,GQ",2
"2019-09-14:08,GR",2
"2019-09-14:08,GS",2
"2019-09-14:08,GT",3
"2019-09-14:08,GU",3
"2019-09-14:08,GW",2
"2019-09-14:08,GY",1
"2019-09-14:08,HK",1
"2019-09-14:08,HM",4
"2019-09-14:08,HN",2
"2019-09-14:08,HR",1
"2019-09-14:08,HT",1
"2019-09-14:08,ID",1
"2019-09-14:08,IE",1
"2019-09-14:08,IL",3
"2019-09-14:08,IM",2
"2019-09-14:08,IN",1
"2019-09-14:08,IO",4
"2019-09-14:08,IQ",2
"2019-09-14:08,IR",2
"2019-09-14:08,IS",1
"2019-09-14:08,IT",4
"2019-09-14:08,JE",3
"2019-09-14:08,JM",2
"2019-09-14:08,JO",3
"2019-09-14:08,JP",6
"2019-09-14:08,KE",2
"2019-09-14:08,KG",2
"2019-09-14:08,KH",4
"2019-09-14:08,KI",1
"2019-09-14:08,KM",1
"2019-09-14:08,KN",4
"2019-09-14:08,KP",1
"2019-09-14:08,KR",2
"2019-09-14:08,KY",2
"2019-09-14:08,KZ",2
"2019-09-14:08,LA",8
"2019-09-14:08,LB",2
"2019-09-14:08,LC",5
"2019-09-14:08,LI",1
"2019-09-14:08,LK",4
"2019-09-14:08,LR",5
"2019-09-14:08,LS",2
"2019-09-14:08,LT",1
"2019-09-14:08,LU",1
"2019-09-14:08,LY",1
"2019-09-14:08,MA",2
"2019-09-14:08,MC",2
"2019-09-14:08,MD",5
"2019-09-14:08,MF",2
"2019-09-14:08,MG",1
"2019-09-14:08,MH",2
"2019-09-14:08,MK",2
"2019-09-14:08,ML",5
"2019-09-14:08,MM",3
"2019-09-14:08,MO",2
"2019-09-14:08,MP",2
"2019-09-14:08,MQ",2
"2019-09-14:08,MR",4
"2019-09-14:08,MS",3
"2019-09-14:08,MT",2
"2019-09-14:08,MU",1
"2019-09-14:08,MX",1
"2019-09-14:08,MY",3
"2019-09-14:08,MZ",2
"2019-09-14:08,NC",1
"2019-09-14:08,NE",2
"2019-09-14:08,NF",2
"2019-09-14:08,NG",2
"2019-09-14:08,NI",2
"2019-09-14:08,NL",4
"2019-09-14:08,NP",1
"2019-09-14:08,NR",2
"2019-09-14:08,NU",4
"2019-09-14:08,NZ",2
"2019-09-14:08,OM",1
"2019-09-14:08,PA",2
"2019-09-14:08,PE",1
"2019-09-14:08,PF",2
"2019-09-14:08,PG",2
"2019-09-14:08,PH",3
"2019-09-14:08,PK",2
"2019-09-14:08,PL",4
"2019-09-14:08,PM",5
"2019-09-14:08,PN",6
"2019-09-14:08,PR",4
"2019-09-14:08,PS",2
"2019-09-14:08,PT",4
"2019-09-14:08,PW",4
"2019-09-14:08,QA",1
"2019-09-14:08,RE",1
"2019-09-14:08,RO",4
"2019-09-14:08,RS",2
"2019-09-14:08,RU",2
"2019-09-14:08,RW",2
"2019-09-14:08,SA",2
"2019-09-14:08,SC",1
"2019-09-14:08,SD",4
"2019-09-14:08,SE",1
"2019-09-14:08,SH",3
"2019-09-14:08,SI",4
"2019-09-14:08,SK",4
"2019-09-14:08,SL",4
"2019-09-14:08,SM",2
"2019-09-14:08,SN",3
"2019-09-14:08,SO",7
"2019-09-14:08,SS",4
"2019-09-14:08,SV",2
"2019-09-14:08,SX",1
"2019-09-14:08,SY",4
"2019-09-14:08,SZ",2
"2019-09-14:08,TC",1
"2019-09-14:08,TD",4
"2019-09-14:08,TF",1
"2019-09-14:08,TG",1
"2019-09-14:08,TH",4
"2019-09-14:08,TJ",1
"2019-09-14:08,TK",2
"2019-09-14:08,TL",3
"2019-09-14:08,TM",2
"2019-09-14:08,TN",4
"2019-09-14:08,TO",1
"2019-09-14:08,TR",5
"2019-09-14:08,TT",2
"2019-09-14:08,TV",5
"2019-09-14:08,TW",1
"2019-09-14:08,TZ",1
"2019-09-14:08,UA",3
"2019-09-14:08,UG",3
"2019-09-14:08,UM",2
"2019-09-14:08,US",3
"2019-09-14:08,UY",2
"2019-09-14:08,UZ",5
"2019-09-14:08,VA",3
"2019-09-14:08,VC",3
"2019-09-14:08,VE",4
"2019-09-14:08,VI",1
"2019-09-14:08,VN",1
"2019-09-14:08,VU",2
"2019-09-14:08,WF",1
"2019-09-14:08,WS",3
"2019-09-14:08,YE",1
"2019-09-14:08,YT",4
"2019-09-14:08,ZA",4
"2019-09-14:08,ZM",5
"2019-09-14:08,ZW",1
"2019-09-14:08,nan",2
